step,train_accuracy,test_accuracy,train_cross_entropy_loss,test_cross_entropy_loss,step_execution_time
0,0.4,,,,
0,,,2.58749e+07,,
0,,0.7,,,
0,,,,1.50868e+07,
0,,,,,276.82793951034546
1,,,,,1.0834205150604248
2,,,,,1.0891246795654297
3,,,,,1.0812489986419678
4,,,,,1.0788989067077637
5,,,,,1.7903270721435547
6,,,,,1.7278962135314941
7,,,,,1.91448974609375
8,,,,,1.876626968383789
9,,,,,1.7103683948516846
10,0.0,,,,
10,,,1.60944,,
10,,,,,2.26519775390625
11,,,,,1.782712697982788
12,,,,,1.7732715606689453
13,,,,,1.8701772689819336
14,,,,,1.9059727191925049
15,,,,,1.8765137195587158
16,,,,,1.8360586166381836
17,,,,,1.7735638618469238
18,,,,,1.9342317581176758
19,,,,,1.8851056098937988
20,0.0,,,,
20,,,1.60944,,
20,,,,,2.632328748703003
21,,,,,1.6175763607025146
22,,,,,1.8440594673156738
23,,,,,1.9599637985229492
24,,,,,1.696075439453125
25,,,,,1.7315874099731445
26,,,,,1.9445922374725342
27,,,,,1.71710205078125
28,,,,,1.9181098937988281
29,,,,,1.8577523231506348
30,0.0,,,,
30,,,1.60944,,
30,,,,,2.215365409851074
31,,,,,1.3010883331298828
32,,,,,1.2081055641174316
33,,,,,1.1955082416534424
34,,,,,1.209911584854126
35,,,,,1.2224369049072266
36,,,,,1.204700231552124
37,,,,,1.2175724506378174
38,,,,,1.2098586559295654
39,,,,,1.215632438659668
40,0.0,,,,
40,,,1.60944,,
40,,,,,1.5929913520812988
41,,,,,1.189777135848999
42,,,,,1.2050182819366455
43,,,,,1.2563135623931885
44,,,,,1.2506494522094727
45,,,,,1.253633737564087
46,,,,,1.264479637145996
47,,,,,1.240124225616455
48,,,,,1.2538201808929443
49,,,,,1.2133264541625977
50,0.0,,,,
50,,,1.60944,,
50,,,,,1.6176376342773438
51,,,,,1.201117992401123
52,,,,,1.1987521648406982
53,,,,,1.1780517101287842
54,,,,,1.2090625762939453
55,,,,,1.2071921825408936
56,,,,,1.2176427841186523
57,,,,,1.2303719520568848
58,,,,,1.1938369274139404
59,,,,,1.2185478210449219
60,0.0,,,,
60,,,1.60944,,
60,,,,,1.5818681716918945
61,,,,,1.1822474002838135
62,,,,,1.2015013694763184
63,,,,,1.1988658905029297
64,,,,,1.1986050605773926
65,,,,,1.2346038818359375
66,,,,,1.210843563079834
67,,,,,1.1986920833587646
68,,,,,1.1991915702819824
69,,,,,1.2034862041473389
70,0.0,,,,
70,,,1.60944,,
70,,,,,1.5958256721496582
71,,,,,1.178816556930542
72,,,,,1.2013218402862549
73,,,,,1.2005016803741455
74,,,,,1.2053477764129639
75,,,,,1.1958353519439697
76,,,,,1.2011306285858154
77,,,,,1.1863245964050293
78,,,,,1.2045173645019531
79,,,,,1.1966278553009033
80,0.0,,,,
80,,,1.60944,,
80,,,,,1.58591628074646
81,,,,,1.1996872425079346
82,,,,,1.218665361404419
83,,,,,1.2066822052001953
84,,,,,1.2971127033233643
85,,,,,1.2127692699432373
86,,,,,1.2040138244628906
87,,,,,1.1945223808288574
88,,,,,1.2462806701660156
89,,,,,1.2272374629974365
90,0.0,,,,
90,,,1.60944,,
90,,,,,1.5282642841339111
91,,,,,1.195925235748291
92,,,,,1.2144644260406494
93,,,,,1.2043144702911377
94,,,,,1.1907331943511963
95,,,,,1.1922426223754883
96,,,,,1.1879425048828125
97,,,,,1.1868946552276611
98,,,,,1.2202301025390625
99,,,,,1.2188541889190674
100,0.0,,,,
100,,,1.60944,,
100,,0.1,,,
100,,,,1.60944,
100,,,,,1.9896557331085205
101,,,,,1.6697869300842285
102,,,,,1.1998939514160156
103,,,,,1.199232578277588
104,,,,,1.2308409214019775
105,,,,,1.1968636512756348
106,,,,,1.1953279972076416
107,,,,,1.200714349746704
108,,,,,1.2100884914398193
109,,,,,1.1983246803283691
110,0.0,,,,
110,,,1.60944,,
110,,,,,1.5873737335205078
111,,,,,1.195457935333252
112,,,,,1.2016191482543945
113,,,,,1.2020385265350342
114,,,,,1.1978466510772705
115,,,,,1.2003509998321533
116,,,,,1.207303524017334
117,,,,,1.2230839729309082
118,,,,,1.2222440242767334
119,,,,,1.2176611423492432
120,0.0,,,,
120,,,1.60944,,
120,,,,,1.5764737129211426
121,,,,,1.1595098972320557
122,,,,,1.1879346370697021
123,,,,,1.1899707317352295
124,,,,,1.1928808689117432
125,,,,,1.1779139041900635
126,,,,,1.1885743141174316
127,,,,,1.1940550804138184
128,,,,,1.2010676860809326
129,,,,,1.2171976566314697
130,0.0,,,,
130,,,1.60944,,
130,,,,,1.589503526687622
131,,,,,1.1944975852966309
132,,,,,1.2069945335388184
133,,,,,1.1970410346984863
134,,,,,1.1986756324768066
135,,,,,1.2083351612091064
136,,,,,1.2006778717041016
137,,,,,1.2015514373779297
138,,,,,1.2298743724822998
139,,,,,1.2296171188354492
140,0.0,,,,
140,,,1.60944,,
140,,,,,1.6018483638763428
141,,,,,1.2047202587127686
142,,,,,1.215027093887329
143,,,,,1.2250230312347412
144,,,,,1.2363760471343994
145,,,,,1.2225196361541748
146,,,,,1.2212779521942139
147,,,,,1.193443775177002
148,,,,,1.2099528312683105
149,,,,,1.226853847503662
150,0.0,,,,
150,,,1.60944,,
150,,,,,1.5913028717041016
151,,,,,1.1898589134216309
152,,,,,1.1989285945892334
153,,,,,1.2002439498901367
154,,,,,1.2053751945495605
155,,,,,1.2099249362945557
156,,,,,1.204479694366455
157,,,,,1.210400104522705
158,,,,,1.2117798328399658
159,,,,,1.2211785316467285
160,0.0,,,,
160,,,1.60944,,
160,,,,,1.5971887111663818
161,,,,,1.207498550415039
162,,,,,1.1839642524719238
163,,,,,1.0937983989715576
164,,,,,1.0931823253631592
165,,,,,1.0932948589324951
166,,,,,1.0939927101135254
167,,,,,1.0869505405426025
168,,,,,1.0941171646118164
169,,,,,1.0885968208312988
170,0.0,,,,
170,,,1.60944,,
170,,,,,1.4736852645874023
171,,,,,1.0813775062561035
172,,,,,1.0897693634033203
173,,,,,1.1795785427093506
174,,,,,1.2127304077148438
175,,,,,1.211104154586792
176,,,,,1.2089698314666748
177,,,,,1.2177207469940186
178,,,,,1.2053990364074707
179,,,,,1.1991279125213623
180,0.0,,,,
180,,,1.60944,,
180,,,,,1.5924134254455566
181,,,,,1.1877226829528809
182,,,,,1.1941816806793213
183,,,,,1.1989519596099854
184,,,,,1.2195181846618652
185,,,,,1.210024356842041
186,,,,,1.207958698272705
187,,,,,1.1885735988616943
188,,,,,1.1889147758483887
189,,,,,1.1884539127349854
190,0.0,,,,
190,,,1.60944,,
190,,,,,1.5752010345458984
191,,,,,1.1864218711853027
192,,,,,1.184401512145996
193,,,,,1.1973042488098145
194,,,,,1.2087905406951904
195,,,,,1.0870537757873535
196,,,,,1.0885999202728271
197,,,,,1.0826237201690674
198,,,,,1.0810115337371826
199,,,,,1.0877153873443604
200,0.0,,,,
200,,,1.60944,,
200,,0.0,,,
200,,,,1.60944,
200,,,,,1.865713119506836
201,,,,,1.0743763446807861
202,,,,,1.0851058959960938
203,,,,,1.089273452758789
204,,,,,1.087918996810913
205,,,,,1.1212286949157715
206,,,,,1.2086422443389893
207,,,,,1.2155249118804932
208,,,,,1.2163996696472168
209,,,,,1.2241098880767822
210,0.0,,,,
210,,,1.60944,,
210,,,,,1.5781171321868896
211,,,,,1.186826229095459
212,,,,,1.1870851516723633
213,,,,,1.1758034229278564
214,,,,,1.188417911529541
215,,,,,1.187605381011963
216,,,,,1.1539855003356934
217,,,,,1.0829365253448486
218,,,,,1.0869040489196777
219,,,,,1.0822718143463135
220,0.0,,,,
220,,,1.60944,,
220,,,,,1.465101957321167
221,,,,,1.0822782516479492
222,,,,,1.0890390872955322
223,,,,,1.08201265335083
224,,,,,1.087665319442749
225,,,,,1.0840420722961426
226,,,,,1.085986614227295
227,,,,,1.1600019931793213
228,,,,,1.1990282535552979
229,,,,,1.2005009651184082
230,0.0,,,,
230,,,1.60944,,
230,,,,,1.5863776206970215
231,,,,,1.1997456550598145
232,,,,,1.20988130569458
233,,,,,1.207409381866455
234,,,,,1.2216358184814453
235,,,,,1.2085158824920654
236,,,,,1.1979305744171143
237,,,,,1.215754508972168
238,,,,,1.2411246299743652
239,,,,,1.2303414344787598
240,0.0,,,,
240,,,1.60944,,
240,,,,,1.5872604846954346
241,,,,,1.2109401226043701
242,,,,,1.1998021602630615
243,,,,,1.209596872329712
244,,,,,1.207120656967163
245,,,,,1.20639967918396
246,,,,,1.1987407207489014
247,,,,,1.2040598392486572
248,,,,,1.1944098472595215
249,,,,,1.095229148864746
250,0.0,,,,
250,,,1.60944,,
250,,,,,1.4717261791229248
251,,,,,1.08447265625
252,,,,,1.0854151248931885
253,,,,,1.08835768699646
254,,,,,1.0849254131317139
255,,,,,1.0845348834991455
256,,,,,1.086315631866455
257,,,,,1.0874342918395996
258,,,,,1.0871374607086182
259,,,,,1.0905511379241943
260,0.0,,,,
260,,,1.60944,,
260,,,,,1.4781134128570557
261,,,,,1.0791349411010742
262,,,,,1.087458848953247
263,,,,,1.0889203548431396
264,,,,,1.086705207824707
265,,,,,1.0850005149841309
266,,,,,1.0876684188842773
267,,,,,1.085594892501831
268,,,,,1.0858795642852783
269,,,,,1.087052345275879
270,0.0,,,,
270,,,1.60944,,
270,,,,,1.5306017398834229
271,,,,,1.1862561702728271
272,,,,,1.242577075958252
273,,,,,1.220395565032959
274,,,,,1.207878828048706
275,,,,,1.2056045532226562
276,,,,,1.2018489837646484
277,,,,,1.2046334743499756
278,,,,,1.198538064956665
279,,,,,1.197530746459961
280,0.0,,,,
280,,,1.60944,,
280,,,,,1.5781207084655762
281,,,,,1.186382532119751
282,,,,,1.1856720447540283
283,,,,,1.1960713863372803
284,,,,,1.195798635482788
285,,,,,1.1914739608764648
286,,,,,1.1886811256408691
287,,,,,1.190525770187378
288,,,,,1.1751234531402588
289,,,,,1.2185261249542236
290,0.0,,,,
290,,,1.60944,,
290,,,,,1.609710931777954
291,,,,,1.1653757095336914
292,,,,,1.2189116477966309
293,,,,,1.2051753997802734
294,,,,,1.2096669673919678
295,,,,,1.2114088535308838
296,,,,,1.2354049682617188
297,,,,,1.227961778640747
298,,,,,1.2164323329925537
299,,,,,1.2111914157867432
300,0.0,,,,
300,,,1.60944,,
300,,0.0,,,
300,,,,1.60944,
300,,,,,1.9988117218017578
301,,,,,1.4763166904449463
302,,,,,1.1997225284576416
303,,,,,1.1967227458953857
304,,,,,1.1984596252441406
305,,,,,1.1933786869049072
306,,,,,1.179152011871338
307,,,,,1.208136796951294
308,,,,,1.20613694190979
309,,,,,1.2372877597808838
310,0.0,,,,
310,,,1.60944,,
310,,,,,1.610968828201294
311,,,,,1.2211716175079346
312,,,,,1.2304458618164062
313,,,,,1.251772165298462
314,,,,,1.197669267654419
315,,,,,1.2098398208618164
316,,,,,1.2049448490142822
317,,,,,1.21235990524292
318,,,,,1.2091395854949951
319,,,,,1.2206535339355469
320,0.0,,,,
320,,,1.60944,,
320,,,,,1.614347219467163
321,,,,,1.202559471130371
322,,,,,1.2128820419311523
323,,,,,1.1909162998199463
324,,,,,1.1976525783538818
325,,,,,1.1869537830352783
326,,,,,1.188488483428955
327,,,,,1.1896073818206787
328,,,,,1.1900246143341064
329,,,,,1.205958366394043
330,0.0,,,,
330,,,1.60944,,
330,,,,,1.599574089050293
331,,,,,1.2036945819854736
332,,,,,1.224477767944336
333,,,,,1.2024712562561035
334,,,,,1.1947879791259766
335,,,,,1.1607913970947266
336,,,,,1.0802721977233887
337,,,,,1.0897693634033203
338,,,,,1.0849030017852783
339,,,,,1.089935064315796
340,0.0,,,,
340,,,1.60944,,
340,,,,,1.4740569591522217
341,,,,,1.0824272632598877
342,,,,,1.090744972229004
343,,,,,1.0836479663848877
344,,,,,1.0901851654052734
345,,,,,1.0864815711975098
346,,,,,1.0845506191253662
347,,,,,1.0930876731872559
348,,,,,1.0845415592193604
349,,,,,1.0943536758422852
350,0.0,,,,
350,,,1.60944,,
350,,,,,1.480823040008545
351,,,,,1.0791411399841309
352,,,,,1.0939300060272217
353,,,,,1.098855972290039
354,,,,,1.0805003643035889
355,,,,,1.087193489074707
356,,,,,1.084991693496704
357,,,,,1.0842609405517578
358,,,,,1.0861034393310547
359,,,,,1.0913779735565186
360,0.0,,,,
360,,,1.60944,,
360,,,,,1.4697775840759277
361,,,,,1.085310697555542
362,,,,,1.0948715209960938
363,,,,,1.0890588760375977
364,,,,,1.0961265563964844
365,,,,,1.0896718502044678
366,,,,,1.0907626152038574
367,,,,,1.0908591747283936
368,,,,,1.2199747562408447
369,,,,,1.2190017700195312
370,0.0,,,,
370,,,1.60944,,
370,,,,,1.5897276401519775
371,,,,,1.1921710968017578
372,,,,,1.1950080394744873
373,,,,,1.1990628242492676
374,,,,,1.198685884475708
375,,,,,1.1906929016113281
376,,,,,1.189607858657837
377,,,,,1.1934962272644043
378,,,,,1.2140700817108154
379,,,,,1.2152700424194336
380,0.0,,,,
380,,,1.60944,,
380,,,,,1.600715160369873
381,,,,,1.1968982219696045
382,,,,,1.2144200801849365
383,,,,,1.189178705215454
384,,,,,1.1908786296844482
385,,,,,1.1945018768310547
386,,,,,1.1892480850219727
387,,,,,1.1856462955474854
388,,,,,1.1987497806549072
389,,,,,1.1337835788726807
390,0.0,,,,
390,,,1.60944,,
390,,,,,1.4737837314605713
391,,,,,1.0838065147399902
392,,,,,1.0896644592285156
393,,,,,1.0827522277832031
394,,,,,1.0876984596252441
395,,,,,1.0956125259399414
396,,,,,1.0945229530334473
397,,,,,1.0806081295013428
398,,,,,1.0898213386535645
399,,,,,1.0901036262512207
400,0.0,,,,
400,,,1.60944,,
400,,0.0,,,
400,,,,1.60944,
400,,,,,1.961353063583374
401,,,,,1.7861042022705078
402,,,,,1.1999359130859375
403,,,,,1.205608606338501
404,,,,,1.2247180938720703
405,,,,,1.2220313549041748
406,,,,,1.2289633750915527
407,,,,,1.224668025970459
408,,,,,1.2252333164215088
409,,,,,1.2044484615325928
410,0.0,,,,
410,,,1.60944,,
410,,,,,1.6007859706878662
411,,,,,1.0868422985076904
412,,,,,1.0863850116729736
413,,,,,1.089346170425415
414,,,,,1.087285041809082
415,,,,,1.087801218032837
416,,,,,1.0880467891693115
417,,,,,1.0905640125274658
418,,,,,1.0880789756774902
419,,,,,1.0910098552703857
420,0.0,,,,
420,,,1.60944,,
420,,,,,1.4701759815216064
421,,,,,1.1217939853668213
422,,,,,1.2045440673828125
423,,,,,1.2428054809570312
424,,,,,1.2587199211120605
425,,,,,1.263216495513916
426,,,,,1.2589077949523926
427,,,,,1.2561254501342773
428,,,,,1.2533373832702637
429,,,,,1.2184436321258545
430,0.0,,,,
430,,,1.60944,,
430,,,,,1.5684683322906494
431,,,,,1.184429407119751
432,,,,,1.1568076610565186
433,,,,,1.0884664058685303
434,,,,,1.088935375213623
435,,,,,1.0853004455566406
436,,,,,1.0943546295166016
437,,,,,1.0868659019470215
438,,,,,1.0881142616271973
439,,,,,1.091691255569458
440,0.0,,,,
440,,,1.60944,,
440,,,,,1.4710092544555664
441,,,,,1.0835480690002441
442,,,,,1.0888638496398926
443,,,,,1.0926954746246338
444,,,,,1.089796543121338
445,,,,,1.092447280883789
446,,,,,1.086181879043579
447,,,,,1.0950989723205566
448,,,,,1.0847923755645752
449,,,,,1.0910327434539795
450,0.0,,,,
450,,,1.60944,,
450,,,,,1.4745097160339355
451,,,,,1.087963581085205
452,,,,,1.0929539203643799
453,,,,,1.083531141281128
454,,,,,1.2002506256103516
455,,,,,1.2590065002441406
456,,,,,1.2204844951629639
457,,,,,1.2226500511169434
458,,,,,1.1902079582214355
459,,,,,1.2191345691680908
460,0.0,,,,
460,,,1.60944,,
460,,,,,1.6146323680877686
461,,,,,1.2052643299102783
462,,,,,1.200181245803833
463,,,,,1.1996722221374512
464,,,,,1.1997942924499512
465,,,,,1.0920393466949463
466,,,,,1.0885639190673828
467,,,,,1.0871095657348633
468,,,,,1.0881929397583008
469,,,,,1.0920753479003906
470,0.0,,,,
470,,,1.60944,,
470,,,,,1.4787449836730957
471,,,,,1.0839908123016357
472,,,,,1.0885214805603027
473,,,,,1.086658000946045
474,,,,,1.0930228233337402
475,,,,,1.136484146118164
476,,,,,1.217832326889038
477,,,,,1.2247519493103027
478,,,,,1.2334251403808594
479,,,,,1.2152950763702393
480,0.0,,,,
480,,,1.60944,,
480,,,,,1.5992162227630615
481,,,,,1.1978392601013184
482,,,,,1.2116901874542236
483,,,,,1.2096121311187744
484,,,,,1.2030463218688965
485,,,,,1.209906816482544
486,,,,,1.229917049407959
487,,,,,1.210878849029541
488,,,,,1.22865629196167
489,,,,,1.2231318950653076
490,0.0,,,,
490,,,1.60944,,
490,,,,,1.6204535961151123
491,,,,,1.2059807777404785
492,,,,,1.2374646663665771
493,,,,,1.2353031635284424
494,,,,,1.2420451641082764
495,,,,,1.2259678840637207
496,,,,,1.2042655944824219
497,,,,,1.160484790802002
498,,,,,1.0893120765686035
499,,,,,1.087174654006958
500,0.0,,,,
500,,,1.60944,,
500,,0.0,,,
500,,,,1.60944,
500,,,,,1.8684289455413818
501,,,,,1.0783400535583496
502,,,,,1.0855815410614014
503,,,,,1.093285322189331
504,,,,,1.0838656425476074
505,,,,,1.0853145122528076
506,,,,,1.0896682739257812
507,,,,,1.0861830711364746
508,,,,,1.0845990180969238
509,,,,,1.0873758792877197
510,0.0,,,,
510,,,1.60944,,
510,,,,,1.4696366786956787
511,,,,,1.0827579498291016
512,,,,,1.0899324417114258
513,,,,,1.088184118270874
514,,,,,1.0948784351348877
515,,,,,1.0876188278198242
516,,,,,1.0885164737701416
517,,,,,1.088895559310913
518,,,,,1.0885100364685059
519,,,,,1.086698055267334
520,0.1,,,,
520,,,1.60944,,
520,,,,,1.4791321754455566
521,,,,,1.0797505378723145
522,,,,,1.0852060317993164
523,,,,,1.091130256652832
524,,,,,1.0895271301269531
525,,,,,1.0952308177947998
526,,,,,1.0814359188079834
527,,,,,1.0865726470947266
528,,,,,1.0892305374145508
529,,,,,1.0872547626495361
530,0.0,,,,
530,,,1.60944,,
530,,,,,1.471024751663208
531,,,,,1.0771055221557617
532,,,,,1.0900347232818604
533,,,,,1.0922422409057617
534,,,,,1.0879075527191162
535,,,,,1.0887525081634521
536,,,,,1.0890157222747803
537,,,,,1.0898125171661377
538,,,,,1.0833196640014648
539,,,,,1.0906829833984375
540,0.0,,,,
540,,,1.60944,,
540,,,,,1.4714667797088623
541,,,,,1.0833964347839355
542,,,,,1.086918592453003
543,,,,,1.0888853073120117
544,,,,,1.0891623497009277
545,,,,,1.088541030883789
546,,,,,1.0899560451507568
547,,,,,1.0867235660552979
548,,,,,1.0880794525146484
549,,,,,1.0905835628509521
550,0.0,,,,
550,,,1.60944,,
550,,,,,1.4733381271362305
551,,,,,1.0864713191986084
552,,,,,1.0903184413909912
553,,,,,1.0898938179016113
554,,,,,1.0889313220977783
555,,,,,1.0910942554473877
556,,,,,1.0907108783721924
557,,,,,1.092522144317627
558,,,,,1.0917596817016602
559,,,,,1.0885827541351318
560,0.0,,,,
560,,,1.60944,,
560,,,,,1.4722459316253662
561,,,,,1.082728385925293
562,,,,,1.213984727859497
563,,,,,1.2228662967681885
564,,,,,1.2445132732391357
565,,,,,1.213646411895752
566,,,,,1.223320484161377
567,,,,,1.221062421798706
568,,,,,1.213965892791748
569,,,,,1.210561990737915
570,0.0,,,,
570,,,1.60944,,
570,,,,,1.6168110370635986
571,,,,,1.2003636360168457
572,,,,,1.2167863845825195
573,,,,,1.0887651443481445
574,,,,,1.0892634391784668
575,,,,,1.0904724597930908
576,,,,,1.092623233795166
577,,,,,1.0915515422821045
578,,,,,1.089521884918213
579,,,,,1.0858526229858398
580,0.0,,,,
580,,,1.60944,,
580,,,,,1.4765565395355225
581,,,,,1.0854554176330566
582,,,,,1.089937686920166
583,,,,,1.1259565353393555
584,,,,,1.2224745750427246
585,,,,,1.2081613540649414
586,,,,,1.2101173400878906
587,,,,,1.1907076835632324
588,,,,,1.2029798030853271
589,,,,,1.2127950191497803
590,0.0,,,,
590,,,1.60944,,
590,,,,,1.5981159210205078
591,,,,,1.201082706451416
592,,,,,1.239931344985962
593,,,,,1.795497179031372
594,,,,,1.1823456287384033
595,,,,,1.0922808647155762
596,,,,,1.0933973789215088
597,,,,,1.0886592864990234
598,,,,,1.088029384613037
599,,,,,1.09193754196167
600,0.0,,,,
600,,,1.60944,,
600,,0.0,,,
600,,,,1.60944,
600,,,,,1.8756213188171387
601,,,,,1.0759730339050293
602,,,,,1.0844626426696777
603,,,,,1.088151454925537
604,,,,,1.0852634906768799
605,,,,,1.179511308670044
606,,,,,1.2128725051879883
607,,,,,1.2215943336486816
608,,,,,1.225189447402954
609,,,,,1.2050647735595703
610,0.0,,,,
610,,,1.60944,,
610,,,,,1.6092653274536133
611,,,,,1.191427230834961
612,,,,,1.2098822593688965
613,,,,,1.2080802917480469
614,,,,,1.2085208892822266
615,,,,,1.208327293395996
616,,,,,1.111577033996582
617,,,,,1.0901634693145752
618,,,,,1.0947401523590088
619,,,,,1.0917911529541016
620,0.0,,,,
620,,,1.60944,,
620,,,,,1.4743139743804932
621,,,,,1.0856003761291504
622,,,,,1.0859968662261963
623,,,,,1.1320891380310059
624,,,,,1.0860066413879395
625,,,,,1.0935802459716797
626,,,,,1.0877878665924072
627,,,,,1.0883984565734863
628,,,,,1.08668851852417
629,,,,,1.0966124534606934
630,0.0,,,,
630,,,1.60944,,
630,,,,,1.4738879203796387
631,,,,,1.082761287689209
632,,,,,1.0847911834716797
633,,,,,1.088149070739746
634,,,,,1.0892274379730225
635,,,,,1.083616018295288
636,,,,,1.0930039882659912
637,,,,,1.0850818157196045
638,,,,,1.0896265506744385
639,,,,,1.092381477355957
640,0.0,,,,
640,,,1.60944,,
640,,,,,1.4795093536376953
641,,,,,1.0870029926300049
642,,,,,1.087916374206543
643,,,,,1.0884895324707031
644,,,,,1.0901331901550293
645,,,,,1.0860486030578613
646,,,,,1.0973165035247803
647,,,,,1.0894157886505127
648,,,,,1.1507771015167236
649,,,,,1.1997482776641846
650,0.0,,,,
650,,,1.60944,,
650,,,,,1.5967521667480469
651,,,,,1.1965787410736084
652,,,,,1.2139627933502197
653,,,,,1.1347119808197021
654,,,,,1.2211666107177734
655,,,,,1.2219946384429932
656,,,,,1.2192742824554443
657,,,,,1.2143704891204834
658,,,,,1.197948932647705
659,,,,,1.2184514999389648
660,0.0,,,,
660,,,1.60944,,
660,,,,,1.6077849864959717
661,,,,,1.1825051307678223
662,,,,,1.223092794418335
663,,,,,1.2039484977722168
664,,,,,1.2217309474945068
665,,,,,1.2146658897399902
666,,,,,1.2207622528076172
667,,,,,1.2071919441223145
668,,,,,1.2089321613311768
669,,,,,1.208899974822998
670,0.0,,,,
670,,,1.60944,,
670,,,,,1.591996192932129
671,,,,,1.2011773586273193
672,,,,,1.2218492031097412
673,,,,,1.2455017566680908
674,,,,,1.2244188785552979
675,,,,,1.210237741470337
676,,,,,1.155813455581665
677,,,,,1.2391746044158936
678,,,,,1.2245378494262695
679,,,,,1.2064805030822754
680,0.0,,,,
680,,,1.60944,,
680,,,,,1.5953247547149658
681,,,,,1.1876375675201416
682,,,,,1.2004644870758057
683,,,,,1.190459966659546
684,,,,,1.2057569026947021
685,,,,,1.2318222522735596
686,,,,,1.2201497554779053
687,,,,,1.2085237503051758
688,,,,,1.2068231105804443
689,,,,,1.2076430320739746
690,0.0,,,,
690,,,1.60944,,
690,,,,,1.5934596061706543
691,,,,,1.1904287338256836
692,,,,,1.2009985446929932
693,,,,,1.2067553997039795
694,,,,,1.2052333354949951
695,,,,,1.2079923152923584
696,,,,,1.209444284439087
697,,,,,1.2096829414367676
698,,,,,1.2067444324493408
699,,,,,1.2056059837341309
700,0.0,,,,
700,,,1.60944,,
700,,0.0,,,
700,,,,1.60944,
700,,,,,1.9990355968475342
701,,,,,1.7452161312103271
702,,,,,1.1838483810424805
703,,,,,1.0939948558807373
704,,,,,1.089521884918213
705,,,,,1.084510326385498
706,,,,,1.0850245952606201
707,,,,,1.0938243865966797
708,,,,,1.085585355758667
709,,,,,1.091047763824463
710,0.0,,,,
710,,,1.60944,,
710,,,,,1.4789373874664307
711,,,,,1.092348575592041
712,,,,,1.0863330364227295
713,,,,,1.092146873474121
714,,,,,1.087280035018921
715,,,,,1.0894653797149658
716,,,,,1.0918512344360352
717,,,,,1.090794563293457
718,,,,,1.0849621295928955
719,,,,,1.0857765674591064
720,0.0,,,,
720,,,1.60944,,
720,,,,,1.4721605777740479
721,,,,,1.0905673503875732
722,,,,,1.093689203262329
723,,,,,1.0858910083770752
724,,,,,1.097102165222168
725,,,,,1.0897762775421143
726,,,,,1.0850601196289062
727,,,,,1.0908429622650146
728,,,,,1.0874621868133545
729,,,,,1.0905604362487793
730,0.0,,,,
730,,,1.60944,,
730,,,,,1.4754066467285156
731,,,,,1.0814037322998047
732,,,,,1.0885965824127197
733,,,,,1.0876929759979248
734,,,,,1.093907356262207
735,,,,,1.185065507888794
736,,,,,1.199920415878296
737,,,,,1.2070159912109375
738,,,,,1.1985986232757568
739,,,,,1.2010791301727295
740,0.0,,,,
740,,,1.60944,,
740,,,,,1.5822501182556152
741,,,,,1.1800200939178467
742,,,,,1.1923763751983643
743,,,,,1.1921958923339844
744,,,,,1.1995573043823242
745,,,,,1.1980242729187012
746,,,,,1.089533805847168
747,,,,,1.0907278060913086
748,,,,,1.087428092956543
749,,,,,1.089583396911621
750,0.0,,,,
750,,,1.60944,,
750,,,,,1.477724313735962
751,,,,,1.0820236206054688
752,,,,,1.0920050144195557
753,,,,,1.0880920886993408
754,,,,,1.0858972072601318
755,,,,,1.0931086540222168
756,,,,,1.089259147644043
757,,,,,1.0910003185272217
758,,,,,1.0970168113708496
759,,,,,1.089815378189087
760,0.0,,,,
760,,,1.60944,,
760,,,,,1.4775311946868896
761,,,,,1.0902705192565918
762,,,,,1.0875694751739502
763,,,,,1.0891923904418945
764,,,,,1.0880815982818604
765,,,,,1.0850269794464111
766,,,,,1.09328031539917
767,,,,,1.092130422592163
768,,,,,1.0911266803741455
769,,,,,1.0883212089538574
770,0.0,,,,
770,,,1.60944,,
770,,,,,1.4762389659881592
771,,,,,1.0829637050628662
772,,,,,1.0903193950653076
773,,,,,1.0880420207977295
774,,,,,1.0823736190795898
775,,,,,1.085761308670044
776,,,,,1.0919623374938965
777,,,,,1.0835511684417725
778,,,,,1.1775333881378174
779,,,,,1.201373815536499
780,0.0,,,,
780,,,1.60944,,
780,,,,,1.5813398361206055
781,,,,,1.1814770698547363
782,,,,,1.2015068531036377
783,,,,,1.2038791179656982
784,,,,,1.221339225769043
785,,,,,1.222325325012207
786,,,,,1.2139866352081299
787,,,,,1.2228868007659912
788,,,,,1.2335445880889893
789,,,,,1.0955278873443604
790,0.0,,,,
790,,,1.60944,,
790,,,,,1.4747328758239746
791,,,,,1.0869603157043457
792,,,,,1.0919499397277832
793,,,,,1.095937728881836
794,,,,,1.0884346961975098
795,,,,,1.0873854160308838
796,,,,,1.084287405014038
797,,,,,1.086956262588501
798,,,,,1.0883958339691162
799,,,,,1.0897471904754639
800,0.0,,,,
800,,,1.60944,,
800,,0.0,,,
800,,,,1.60944,
800,,,,,1.9824612140655518
801,,,,,1.6923022270202637
802,,,,,1.1826932430267334
803,,,,,1.2171058654785156
804,,,,,1.222092866897583
805,,,,,1.211564540863037
806,,,,,1.2223927974700928
807,,,,,1.2127935886383057
808,,,,,1.088240623474121
809,,,,,1.0873522758483887
810,0.0,,,,
810,,,1.60944,,
810,,,,,1.5141968727111816
811,,,,,1.1934680938720703
812,,,,,1.2162401676177979
813,,,,,1.2229869365692139
814,,,,,1.2119297981262207
815,,,,,1.207216501235962
816,,,,,1.201934576034546
817,,,,,1.195890188217163
818,,,,,1.203329086303711
819,,,,,1.1982040405273438
820,0.0,,,,
820,,,1.60944,,
820,,,,,1.5857954025268555
821,,,,,1.1448490619659424
822,,,,,1.0853490829467773
823,,,,,1.0899481773376465
824,,,,,1.0858025550842285
825,,,,,1.085742712020874
826,,,,,1.0943467617034912
827,,,,,1.0930211544036865
828,,,,,1.0863137245178223
829,,,,,1.0861930847167969
830,0.0,,,,
830,,,1.60944,,
830,,,,,1.4735186100006104
831,,,,,1.0865390300750732
832,,,,,1.1863439083099365
833,,,,,1.2230193614959717
834,,,,,1.211047887802124
835,,,,,1.2017040252685547
836,,,,,1.2044618129730225
837,,,,,1.2022998332977295
838,,,,,1.2089717388153076
839,,,,,1.2041285037994385
840,0.0,,,,
840,,,1.60944,,
840,,,,,1.5830321311950684
841,,,,,1.1910014152526855
842,,,,,1.1388728618621826
843,,,,,1.1295251846313477
844,,,,,1.151001214981079
845,,,,,1.146627426147461
846,,,,,1.1238586902618408
847,,,,,1.1638498306274414
848,,,,,1.1056275367736816
849,,,,,1.126840353012085
850,0.0,,,,
850,,,1.60944,,
850,,,,,1.4895579814910889
851,,,,,1.1095788478851318
852,,,,,1.1199431419372559
853,,,,,1.1601734161376953
854,,,,,1.0898334980010986
855,,,,,1.0916860103607178
856,,,,,1.0895717144012451
857,,,,,1.088191270828247
858,,,,,1.090733528137207
859,,,,,1.0924363136291504
860,0.0,,,,
860,,,1.60944,,
860,,,,,1.5254645347595215
861,,,,,1.1274585723876953
862,,,,,1.1315338611602783
863,,,,,1.136430025100708
864,,,,,1.1527957916259766
865,,,,,1.1413929462432861
866,,,,,1.1270921230316162
867,,,,,1.0914051532745361
868,,,,,1.0955390930175781
869,,,,,1.0896592140197754
870,0.0,,,,
870,,,1.60944,,
870,,,,,1.4803073406219482
871,,,,,1.0860099792480469
872,,,,,1.0899574756622314
873,,,,,1.0879981517791748
874,,,,,1.092756986618042
875,,,,,1.0859096050262451
876,,,,,1.0862278938293457
877,,,,,1.087397575378418
878,,,,,1.093280553817749
879,,,,,1.0923097133636475
880,0.0,,,,
880,,,1.60944,,
880,,,,,1.4738903045654297
881,,,,,1.0820505619049072
882,,,,,1.084479570388794
883,,,,,1.0886399745941162
884,,,,,1.0914313793182373
885,,,,,1.0900025367736816
886,,,,,1.0874781608581543
887,,,,,1.0880372524261475
888,,,,,1.0856914520263672
889,,,,,1.0872857570648193
890,0.0,,,,
890,,,1.60944,,
890,,,,,1.4697985649108887
891,,,,,1.0874052047729492
892,,,,,1.0889806747436523
893,,,,,1.0891618728637695
894,,,,,1.089125394821167
895,,,,,1.0883264541625977
896,,,,,1.0976197719573975
897,,,,,1.1793570518493652
898,,,,,1.2115235328674316
899,,,,,1.2140932083129883
900,0.0,,,,
900,,,1.60944,,
900,,0.0,,,
900,,,,1.60944,
900,,,,,1.9864094257354736
901,,,,,1.8393568992614746
902,,,,,1.2232646942138672
903,,,,,1.2271878719329834
904,,,,,1.2414603233337402
905,,,,,1.225266456604004
906,,,,,1.2294447422027588
907,,,,,1.20975661277771
908,,,,,1.0907986164093018
909,,,,,1.0941123962402344
910,0.0,,,,
910,,,1.60944,,
910,,,,,1.4712128639221191
911,,,,,1.0901448726654053
912,,,,,1.0937161445617676
913,,,,,1.0873401165008545
914,,,,,1.0852282047271729
915,,,,,1.0903899669647217
916,,,,,1.084587812423706
917,,,,,1.084540843963623
918,,,,,1.0985631942749023
919,,,,,1.1045851707458496
920,0.0,,,,
920,,,1.60944,,
920,,,,,1.5332741737365723
921,,,,,1.1394233703613281
922,,,,,1.1275818347930908
923,,,,,1.1334457397460938
924,,,,,1.1144001483917236
925,,,,,1.095517635345459
926,,,,,1.0880696773529053
927,,,,,1.091423511505127
928,,,,,1.1139512062072754
929,,,,,1.0885086059570312
930,0.0,,,,
930,,,1.60944,,
930,,,,,1.4800398349761963
931,,,,,1.0903825759887695
932,,,,,1.0967509746551514
933,,,,,1.0846378803253174
934,,,,,1.0931015014648438
935,,,,,1.0869386196136475
936,,,,,1.090907335281372
937,,,,,1.094029426574707
938,,,,,1.0861928462982178
939,,,,,1.0884971618652344
940,0.0,,,,
940,,,1.60944,,
940,,,,,1.5321686267852783
941,,,,,1.200946569442749
942,,,,,1.2305717468261719
943,,,,,1.2383546829223633
944,,,,,1.2349803447723389
945,,,,,1.2141087055206299
946,,,,,1.233996868133545
947,,,,,1.2250175476074219
948,,,,,1.2340514659881592
949,,,,,1.2401602268218994
950,0.0,,,,
950,,,1.60944,,
950,,,,,1.645843505859375
951,,,,,1.1366875171661377
952,,,,,1.1425693035125732
953,,,,,1.1815717220306396
954,,,,,1.1595649719238281
955,,,,,1.1239519119262695
956,,,,,1.1588356494903564
957,,,,,1.1560285091400146
958,,,,,1.1779828071594238
959,,,,,1.1288084983825684
960,0.0,,,,
960,,,1.60944,,
960,,,,,1.5576329231262207
961,,,,,1.1933815479278564
962,,,,,1.285398244857788
963,,,,,1.2888479232788086
964,,,,,1.2577276229858398
965,,,,,1.2628865242004395
966,,,,,1.2426090240478516
967,,,,,1.2523458003997803
968,,,,,1.2242448329925537
969,,,,,1.211785078048706
970,0.1,,,,
970,,,1.60944,,
970,,,,,1.580235481262207
971,,,,,1.211045503616333
972,,,,,1.2663705348968506
973,,,,,1.2610323429107666
974,,,,,1.2546443939208984
975,,,,,1.2228426933288574
976,,,,,1.2240691184997559
977,,,,,1.2316539287567139
978,,,,,1.2439827919006348
979,,,,,1.2206735610961914
980,0.1,,,,
980,,,1.60944,,
980,,,,,1.5951268672943115
981,,,,,1.1989688873291016
982,,,,,1.1361382007598877
983,,,,,1.1306800842285156
984,,,,,1.1021924018859863
985,,,,,1.1397435665130615
986,,,,,1.1720538139343262
987,,,,,1.1306512355804443
988,,,,,1.1528642177581787
989,,,,,1.1542315483093262
990,0.0,,,,
990,,,1.60944,,
990,,,,,1.4997143745422363
991,,,,,1.110119104385376
992,,,,,1.1617090702056885
993,,,,,1.2004492282867432
994,,,,,1.2659432888031006
995,,,,,1.2363560199737549
996,,,,,1.2358319759368896
997,,,,,1.2862684726715088
998,,,,,1.2806003093719482
999,,,,,1.2522008419036865
1000,0.0,,,,
1000,,,1.60944,,
1000,,0.0,,,
1000,,,,1.60944,
1000,,,,,2.095796823501587
1001,,,,,1.9389309883117676
1002,,,,,1.2558960914611816
1003,,,,,1.244666337966919
1004,,,,,1.2164585590362549
1005,,,,,1.2880232334136963
1006,,,,,1.2269155979156494
1007,,,,,1.2223775386810303
1008,,,,,1.2086567878723145
1009,,,,,1.218724250793457
1010,0.0,,,,
1010,,,1.60944,,
1010,,,,,1.6597936153411865
1011,,,,,1.1914196014404297
1012,,,,,1.2223732471466064
1013,,,,,1.2581522464752197
1014,,,,,1.2612581253051758
1015,,,,,1.237684965133667
1016,,,,,1.1907017230987549
1017,,,,,1.2556731700897217
1018,,,,,1.245840072631836
1019,,,,,1.295192003250122
1020,0.1,,,,
1020,,,1.60944,,
1020,,,,,1.601940393447876
1021,,,,,1.263051986694336
1022,,,,,1.2835266590118408
1023,,,,,1.1881511211395264
1024,,,,,1.2397072315216064
1025,,,,,1.2415611743927002
1026,,,,,1.291982650756836
1027,,,,,1.1957721710205078
1028,,,,,1.234931468963623
1029,,,,,1.1743547916412354
1030,0.0,,,,
1030,,,1.60944,,
1030,,,,,1.6164851188659668
1031,,,,,1.1976475715637207
1032,,,,,1.2064154148101807
1033,,,,,1.202392339706421
1034,,,,,1.2026851177215576
1035,,,,,1.1968128681182861
1036,,,,,1.2070529460906982
1037,,,,,1.2307682037353516
1038,,,,,1.1561503410339355
1039,,,,,1.149181604385376
1040,0.0,,,,
1040,,,1.60944,,
1040,,,,,1.5188515186309814
1041,,,,,1.1342473030090332
1042,,,,,1.1387317180633545
1043,,,,,1.1598689556121826
1044,,,,,1.199697494506836
1045,,,,,1.192810297012329
1046,,,,,1.2001166343688965
1047,,,,,1.198639154434204
1048,,,,,1.125093936920166
1049,,,,,1.0909183025360107
1050,0.0,,,,
1050,,,1.60944,,
1050,,,,,1.4725971221923828
1051,,,,,1.0894043445587158
1052,,,,,1.0979773998260498
1053,,,,,1.0881705284118652
1054,,,,,1.0921809673309326
1055,,,,,1.082472562789917
1056,,,,,1.0952541828155518
1057,,,,,1.0832977294921875
1058,,,,,1.085052728652954
1059,,,,,1.1161680221557617
1060,0.0,,,,
1060,,,1.60944,,
1060,,,,,1.4823448657989502
1061,,,,,1.0872783660888672
1062,,,,,1.1185448169708252
1063,,,,,1.1091294288635254
1064,,,,,1.112661600112915
1065,,,,,1.1034479141235352
1066,,,,,1.100785493850708
1067,,,,,1.0812327861785889
1068,,,,,1.0938119888305664
1069,,,,,1.111335039138794
1070,0.0,,,,
1070,,,1.60944,,
1070,,,,,1.4721243381500244
1071,,,,,1.0843935012817383
1072,,,,,1.0883784294128418
1073,,,,,1.0975372791290283
1074,,,,,1.0962166786193848
1075,,,,,1.0873916149139404
1076,,,,,1.0883190631866455
1077,,,,,1.0873920917510986
1078,,,,,1.0899994373321533
1079,,,,,1.088365077972412
1080,0.0,,,,
1080,,,1.60944,,
1080,,,,,1.5282297134399414
1081,,,,,1.1703474521636963
1082,,,,,1.211573600769043
1083,,,,,1.198293685913086
1084,,,,,1.2209060192108154
1085,,,,,1.2457458972930908
1086,,,,,1.2144041061401367
1087,,,,,1.2060563564300537
1088,,,,,1.200880765914917
1089,,,,,1.2022032737731934
1090,0.0,,,,
1090,,,1.60944,,
1090,,,,,1.588440179824829
1091,,,,,1.1086580753326416
1092,,,,,1.087601900100708
1093,,,,,1.0924079418182373
1094,,,,,1.0856389999389648
1095,,,,,1.0912809371948242
1096,,,,,1.0915040969848633
1097,,,,,1.1183762550354004
1098,,,,,1.1504523754119873
1099,,,,,1.1086037158966064
1100,0.0,,,,
1100,,,1.60944,,
1100,,0.0,,,
1100,,,,1.60944,
1100,,,,,1.8854644298553467
1101,,,,,1.0765464305877686
1102,,,,,1.5712652206420898
1103,,,,,1.20009446144104
1104,,,,,1.189408540725708
1105,,,,,1.2003684043884277
1106,,,,,1.1976797580718994
1107,,,,,1.2086589336395264
1108,,,,,1.2051546573638916
1109,,,,,1.1949119567871094
1110,0.0,,,,
1110,,,1.60944,,
1110,,,,,1.6034419536590576
1111,,,,,1.1974880695343018
1112,,,,,1.2117927074432373
1113,,,,,1.1881790161132812
1114,,,,,1.2070798873901367
1115,,,,,1.19490647315979
1116,,,,,1.1860337257385254
1117,,,,,1.1893954277038574
1118,,,,,1.191281795501709
1119,,,,,1.1831119060516357
1120,0.0,,,,
1120,,,1.60944,,
1120,,,,,1.5876274108886719
1121,,,,,1.1979289054870605
1122,,,,,1.2057206630706787
1123,,,,,1.2303481101989746
1124,,,,,1.202341079711914
1125,,,,,1.225111961364746
1126,,,,,1.1955680847167969
1127,,,,,1.198242425918579
1128,,,,,1.2027180194854736
1129,,,,,1.1975157260894775
1130,0.0,,,,
1130,,,1.60944,,
1130,,,,,1.600085735321045
1131,,,,,1.188725471496582
1132,,,,,1.210538625717163
1133,,,,,1.18796968460083
1134,,,,,1.1713790893554688
1135,,,,,1.0821137428283691
1136,,,,,1.0909733772277832
1137,,,,,1.084618330001831
1138,,,,,1.089470386505127
1139,,,,,1.0895426273345947
1140,0.0,,,,
1140,,,1.60944,,
1140,,,,,1.4749207496643066
1141,,,,,1.096240520477295
1142,,,,,1.127223253250122
1143,,,,,1.102116584777832
1144,,,,,1.0850725173950195
1145,,,,,1.1323211193084717
1146,,,,,1.1295995712280273
1147,,,,,1.137596607208252
1148,,,,,1.0938096046447754
1149,,,,,1.0946698188781738
1150,0.0,,,,
1150,,,1.60944,,
1150,,,,,1.5026977062225342
1151,,,,,1.1523792743682861
1152,,,,,1.2004148960113525
1153,,,,,1.197906494140625
1154,,,,,1.1959028244018555
1155,,,,,1.1984517574310303
1156,,,,,1.1494169235229492
1157,,,,,1.1171178817749023
1158,,,,,1.1271493434906006
1159,,,,,1.1327629089355469
1160,0.0,,,,
1160,,,1.60944,,
1160,,,,,1.5067927837371826
1161,,,,,1.0814192295074463
1162,,,,,1.1259934902191162
1163,,,,,1.0910720825195312
1164,,,,,1.1232290267944336
1165,,,,,1.1188743114471436
1166,,,,,1.1035544872283936
1167,,,,,1.20200777053833
1168,,,,,1.2002582550048828
1169,,,,,1.1977462768554688
1170,0.0,,,,
1170,,,1.60944,,
1170,,,,,1.5912246704101562
1171,,,,,1.2063686847686768
1172,,,,,1.2268939018249512
1173,,,,,1.2110893726348877
1174,,,,,1.2181816101074219
1175,,,,,1.2246127128601074
1176,,,,,1.2173736095428467
1177,,,,,1.2135286331176758
1178,,,,,1.1972379684448242
1179,,,,,1.216376781463623
1180,0.0,,,,
1180,,,1.60944,,
1180,,,,,1.5865917205810547
1181,,,,,1.1990492343902588
1182,,,,,1.1908516883850098
1183,,,,,1.2125771045684814
1184,,,,,1.2043383121490479
1185,,,,,1.2020833492279053
1186,,,,,1.140343427658081
1187,,,,,1.2088117599487305
1188,,,,,1.2097067832946777
1189,,,,,1.184938669204712
1190,0.0,,,,
1190,,,1.60944,,
1190,,,,,1.5885438919067383
1191,,,,,1.1714534759521484
1192,,,,,1.1724562644958496
1193,,,,,1.1639704704284668
1194,,,,,1.2098865509033203
1195,,,,,1.2269961833953857
1196,,,,,1.2541847229003906
1197,,,,,1.176828384399414
1198,,,,,1.0891046524047852
1199,,,,,1.1607980728149414
1200,0.0,,,,
1200,,,1.60944,,
1200,,0.0,,,
1200,,,,1.60944,
1200,,,,,1.9897189140319824
1201,,,,,1.41084623336792
1202,,,,,1.2794601917266846
1203,,,,,1.219620943069458
1204,,,,,1.2065558433532715
1205,,,,,1.1990175247192383
1206,,,,,1.2178587913513184
1207,,,,,1.2027807235717773
1208,,,,,1.1375398635864258
1209,,,,,1.203521728515625
1210,0.0,,,,
1210,,,1.60944,,
1210,,,,,1.6041221618652344
1211,,,,,1.2041640281677246
1212,,,,,1.2012121677398682
1213,,,,,1.1938278675079346
1214,,,,,1.2020549774169922
1215,,,,,1.1894769668579102
1216,,,,,1.1858267784118652
1217,,,,,1.189335584640503
1218,,,,,1.1496555805206299
1219,,,,,1.1483592987060547
1220,0.1,,,,
1220,,,1.60944,,
1220,,,,,1.590207576751709
1221,,,,,1.2091593742370605
1222,,,,,1.2281081676483154
1223,,,,,1.2031326293945312
1224,,,,,1.2020394802093506
1225,,,,,1.2053289413452148
1226,,,,,1.1990125179290771
1227,,,,,1.201714038848877
1228,,,,,1.2003026008605957
1229,,,,,1.1978209018707275
1230,0.0,,,,
1230,,,1.60944,,
1230,,,,,1.5851860046386719
1231,,,,,1.1964783668518066
1232,,,,,1.2042429447174072
1233,,,,,1.2103912830352783
1234,,,,,1.2230350971221924
1235,,,,,1.221451997756958
1236,,,,,1.206212043762207
1237,,,,,1.2072391510009766
1238,,,,,1.2005369663238525
1239,,,,,1.1994295120239258
1240,0.0,,,,
1240,,,1.60944,,
1240,,,,,1.5752339363098145
1241,,,,,1.155221700668335
1242,,,,,1.1687462329864502
1243,,,,,1.0881836414337158
1244,,,,,1.0903270244598389
1245,,,,,1.0921320915222168
1246,,,,,1.095546007156372
1247,,,,,1.087033748626709
1248,,,,,1.094987392425537
1249,,,,,1.0934958457946777
1250,0.0,,,,
1250,,,1.60944,,
1250,,,,,1.4715197086334229
1251,,,,,1.0878729820251465
1252,,,,,1.0885388851165771
1253,,,,,1.0862009525299072
1254,,,,,1.1172831058502197
1255,,,,,1.1489465236663818
1256,,,,,1.1614644527435303
1257,,,,,1.147362470626831
1258,,,,,1.1262187957763672
1259,,,,,1.1633622646331787
1260,0.0,,,,
1260,,,1.60944,,
1260,,,,,1.5843377113342285
1261,,,,,1.1826472282409668
1262,,,,,1.108393907546997
1263,,,,,1.1715195178985596
1264,,,,,1.1192290782928467
1265,,,,,1.086395263671875
1266,,,,,1.0884277820587158
1267,,,,,1.092921495437622
1268,,,,,1.0905945301055908
1269,,,,,1.084369421005249
1270,0.0,,,,
1270,,,1.60944,,
1270,,,,,1.4759058952331543
1271,,,,,1.0895438194274902
1272,,,,,1.0869183540344238
1273,,,,,1.1203534603118896
1274,,,,,1.1120903491973877
1275,,,,,1.1764156818389893
1276,,,,,1.2227437496185303
1277,,,,,1.215916395187378
1278,,,,,1.2515761852264404
1279,,,,,1.2298583984375
1280,0.0,,,,
1280,,,1.60944,,
1280,,,,,1.5866601467132568
1281,,,,,1.2002544403076172
1282,,,,,1.2124073505401611
1283,,,,,1.2223715782165527
1284,,,,,1.2126336097717285
1285,,,,,1.210383415222168
1286,,,,,1.2496137619018555
1287,,,,,1.2502269744873047
1288,,,,,1.2034912109375
1289,,,,,1.1522421836853027
1290,0.0,,,,
1290,,,1.60944,,
1290,,,,,1.5338592529296875
1291,,,,,1.0827562808990479
1292,,,,,1.106034278869629
1293,,,,,1.1071746349334717
1294,,,,,1.1356513500213623
1295,,,,,1.1193780899047852
1296,,,,,1.1590254306793213
1297,,,,,1.0920586585998535
1298,,,,,1.0919063091278076
1299,,,,,1.086529016494751
1300,0.0,,,,
1300,,,1.60944,,
1300,,0.0,,,
1300,,,,1.60944,
1300,,,,,1.8788306713104248
1301,,,,,1.0816869735717773
1302,,,,,1.0846693515777588
1303,,,,,1.1015658378601074
1304,,,,,1.087754487991333
1305,,,,,1.1005446910858154
1306,,,,,1.1025323867797852
1307,,,,,1.1493303775787354
1308,,,,,1.202601671218872
1309,,,,,1.1961126327514648
1310,0.1,,,,
1310,,,1.60944,,
1310,,,,,1.5838780403137207
1311,,,,,1.1772282123565674
1312,,,,,1.1997175216674805
1313,,,,,1.210829257965088
1314,,,,,1.1263530254364014
1315,,,,,1.0880346298217773
1316,,,,,1.117018699645996
1317,,,,,1.0872159004211426
1318,,,,,1.1786797046661377
1319,,,,,1.1842823028564453
1320,0.0,,,,
1320,,,1.60944,,
1320,,,,,1.5795667171478271
1321,,,,,1.1911203861236572
1322,,,,,1.2026665210723877
1323,,,,,1.208275318145752
1324,,,,,1.210960865020752
1325,,,,,1.2135381698608398
1326,,,,,1.2438178062438965
1327,,,,,1.20668363571167
1328,,,,,1.2082891464233398
1329,,,,,1.2198185920715332
1330,0.0,,,,
1330,,,1.60944,,
1330,,,,,1.6496620178222656
1331,,,,,1.202974557876587
1332,,,,,1.2168219089508057
1333,,,,,1.212740421295166
1334,,,,,1.226095199584961
1335,,,,,1.1587846279144287
1336,,,,,1.1264495849609375
1337,,,,,1.179872751235962
1338,,,,,1.1890146732330322
1339,,,,,1.1730268001556396
1340,0.0,,,,
1340,,,1.60944,,
1340,,,,,1.4775478839874268
1341,,,,,1.0901069641113281
1342,,,,,1.0915732383728027
1343,,,,,1.0856192111968994
1344,,,,,1.086688756942749
1345,,,,,1.0924017429351807
1346,,,,,1.092390537261963
1347,,,,,1.0858664512634277
1348,,,,,1.0874450206756592
1349,,,,,1.0888803005218506
1350,0.0,,,,
1350,,,1.60944,,
1350,,,,,1.4720067977905273
1351,,,,,1.0866401195526123
1352,,,,,1.1087491512298584
1353,,,,,1.1412901878356934
1354,,,,,1.142052412033081
1355,,,,,1.1556329727172852
1356,,,,,1.1506469249725342
1357,,,,,1.1502957344055176
1358,,,,,1.1106045246124268
1359,,,,,1.140845537185669
1360,0.0,,,,
1360,,,1.60944,,
1360,,,,,1.5666000843048096
1361,,,,,1.1925575733184814
1362,,,,,1.2009108066558838
1363,,,,,1.210630178451538
1364,,,,,1.2083237171173096
1365,,,,,1.2110865116119385
1366,,,,,1.2211520671844482
1367,,,,,1.2125239372253418
1368,,,,,1.2172315120697021
1369,,,,,1.2111318111419678
1370,0.0,,,,
1370,,,1.60944,,
1370,,,,,1.584831953048706
1371,,,,,1.1636648178100586
1372,,,,,1.230445384979248
1373,,,,,1.2169101238250732
1374,,,,,1.2164394855499268
1375,,,,,1.2199790477752686
1376,,,,,1.207167625427246
1377,,,,,1.2060706615447998
1378,,,,,1.1866693496704102
1379,,,,,1.1930103302001953
1380,0.0,,,,
1380,,,1.60944,,
1380,,,,,1.590240478515625
1381,,,,,1.1669869422912598
1382,,,,,1.1967036724090576
1383,,,,,1.0872917175292969
1384,,,,,1.1361095905303955
1385,,,,,1.0872881412506104
1386,,,,,1.0896947383880615
1387,,,,,1.0871987342834473
1388,,,,,1.0872657299041748
1389,,,,,1.0941050052642822
1390,0.1,,,,
1390,,,1.60944,,
1390,,,,,1.4720346927642822
1391,,,,,1.1098854541778564
1392,,,,,1.103501796722412
1393,,,,,1.0865840911865234
1394,,,,,1.0941903591156006
1395,,,,,1.098149299621582
1396,,,,,1.0849688053131104
1397,,,,,1.0909078121185303
1398,,,,,1.0895771980285645
1399,,,,,1.0911409854888916
1400,0.0,,,,
1400,,,1.60944,,
1400,,0.1,,,
1400,,,,1.60944,
1400,,,,,1.86613130569458
1401,,,,,1.0851058959960938
1402,,,,,1.0893268585205078
1403,,,,,1.0913300514221191
1404,,,,,1.1215286254882812
1405,,,,,1.198622703552246
1406,,,,,1.1994435787200928
1407,,,,,1.11025071144104
1408,,,,,1.0885193347930908
1409,,,,,1.0887596607208252
1410,0.0,,,,
1410,,,1.60944,,
1410,,,,,1.4722557067871094
1411,,,,,1.084355354309082
1412,,,,,1.1034471988677979
1413,,,,,1.1481297016143799
1414,,,,,1.1589515209197998
1415,,,,,1.128793716430664
1416,,,,,1.1452553272247314
1417,,,,,1.1721527576446533
1418,,,,,1.1825132369995117
1419,,,,,1.159207820892334
1420,0.0,,,,
1420,,,1.60944,,
1420,,,,,1.520357608795166
1421,,,,,1.1307487487792969
1422,,,,,1.213547945022583
1423,,,,,1.2251520156860352
1424,,,,,1.189591884613037
1425,,,,,1.1865234375
1426,,,,,1.142756462097168
1427,,,,,1.0847065448760986
1428,,,,,1.0936012268066406
1429,,,,,1.0877265930175781
1430,0.0,,,,
1430,,,1.60944,,
1430,,,,,1.4707896709442139
1431,,,,,1.0879371166229248
1432,,,,,1.0901048183441162
1433,,,,,1.088879108428955
1434,,,,,1.087982177734375
1435,,,,,1.0897040367126465
1436,,,,,1.0919172763824463
1437,,,,,1.1159167289733887
1438,,,,,1.132511854171753
1439,,,,,1.1011264324188232
1440,0.0,,,,
1440,,,1.60944,,
1440,,,,,1.4882476329803467
1441,,,,,1.0889177322387695
1442,,,,,1.0839293003082275
1443,,,,,1.0885400772094727
1444,,,,,1.0872998237609863
1445,,,,,1.087587594985962
1446,,,,,1.090188980102539
1447,,,,,1.096963882446289
1448,,,,,1.195188045501709
1449,,,,,1.20792555809021
1450,0.0,,,,
1450,,,1.60944,,
1450,,,,,1.589944839477539
1451,,,,,1.1710271835327148
1452,,,,,1.1991844177246094
1453,,,,,1.2072625160217285
1454,,,,,1.2024054527282715
1455,,,,,1.145082950592041
1456,,,,,1.1820402145385742
1457,,,,,1.203561544418335
1458,,,,,1.2120552062988281
1459,,,,,1.0849432945251465
1460,0.0,,,,
1460,,,1.60944,,
1460,,,,,1.4773459434509277
1461,,,,,1.0808310508728027
1462,,,,,1.0877435207366943
1463,,,,,1.0932326316833496
1464,,,,,1.09517502784729
1465,,,,,1.0864505767822266
1466,,,,,1.0862431526184082
1467,,,,,1.0902044773101807
1468,,,,,1.0860176086425781
1469,,,,,1.09071683883667
1470,0.0,,,,
1470,,,1.60944,,
1470,,,,,1.4782168865203857
1471,,,,,1.0854456424713135
1472,,,,,1.1028053760528564
1473,,,,,1.0852129459381104
1474,,,,,1.11198091506958
1475,,,,,1.093567132949829
1476,,,,,1.093317985534668
1477,,,,,1.0938401222229004
1478,,,,,1.0877299308776855
1479,,,,,1.1040515899658203
1480,0.1,,,,
1480,,,1.60944,,
1480,,,,,1.5656347274780273
1481,,,,,1.18636155128479
1482,,,,,1.2138478755950928
1483,,,,,1.2299003601074219
1484,,,,,1.2080307006835938
1485,,,,,1.2164280414581299
1486,,,,,1.2114076614379883
1487,,,,,1.2133221626281738
1488,,,,,1.2128407955169678
1489,,,,,1.1882166862487793
1490,0.0,,,,
1490,,,1.60944,,
1490,,,,,1.5772120952606201
1491,,,,,1.1779708862304688
1492,,,,,1.1880745887756348
1493,,,,,1.1971633434295654
1494,,,,,1.1884944438934326
1495,,,,,1.188232660293579
1496,,,,,1.1990025043487549
1497,,,,,1.2197754383087158
1498,,,,,1.2241318225860596
1499,,,,,1.1825599670410156
1500,0.0,,,,
1500,,,1.60944,,
1500,,0.0,,,
1500,,,,1.60944,
1500,,,,,2.0030856132507324
1501,,,,,1.617490530014038
1502,,,,,1.151695728302002
1503,,,,,1.159066915512085
1504,,,,,1.1785492897033691
1505,,,,,1.1899752616882324
1506,,,,,1.1831974983215332
1507,,,,,1.203594446182251
1508,,,,,1.1595103740692139
1509,,,,,1.1885244846343994
1510,0.0,,,,
1510,,,1.60944,,
1510,,,,,1.546036720275879
1511,,,,,1.1380279064178467
1512,,,,,1.1766602993011475
1513,,,,,1.15608549118042
1514,,,,,1.1850054264068604
1515,,,,,1.1863954067230225
1516,,,,,1.1679401397705078
1517,,,,,1.160496473312378
1518,,,,,1.1885802745819092
1519,,,,,1.200554609298706
1520,0.1,,,,
1520,,,1.60944,,
1520,,,,,1.5883774757385254
1521,,,,,1.1828222274780273
1522,,,,,1.1975367069244385
1523,,,,,1.1792373657226562
1524,,,,,1.1291251182556152
1525,,,,,1.1515824794769287
1526,,,,,1.1456620693206787
1527,,,,,1.1304564476013184
1528,,,,,1.120032548904419
1529,,,,,1.1876294612884521
1530,0.0,,,,
1530,,,1.60944,,
1530,,,,,1.5131871700286865
1531,,,,,1.1509387493133545
1532,,,,,1.1068222522735596
1533,,,,,1.1104779243469238
1534,,,,,1.174165964126587
1535,,,,,1.1927547454833984
1536,,,,,1.1865618228912354
1537,,,,,1.2101612091064453
1538,,,,,1.1973376274108887
1539,,,,,1.2003085613250732
1540,0.0,,,,
1540,,,1.60944,,
1540,,,,,1.5757148265838623
1541,,,,,1.1773769855499268
1542,,,,,1.1831910610198975
1543,,,,,1.2090225219726562
1544,,,,,1.1955430507659912
1545,,,,,1.1115427017211914
1546,,,,,1.0854191780090332
1547,,,,,1.145153284072876
1548,,,,,1.1870379447937012
1549,,,,,1.1932499408721924
1550,0.0,,,,
1550,,,1.60944,,
1550,,,,,1.5995383262634277
1551,,,,,1.1976947784423828
1552,,,,,1.2011687755584717
1553,,,,,1.2099676132202148
1554,,,,,1.216477632522583
1555,,,,,1.213041067123413
1556,,,,,1.127547025680542
1557,,,,,1.178422212600708
1558,,,,,1.1645143032073975
1559,,,,,1.1973516941070557
1560,0.0,,,,
1560,,,1.60944,,
1560,,,,,1.5542962551116943
1561,,,,,1.0833826065063477
1562,,,,,1.1114373207092285
1563,,,,,1.1309607028961182
1564,,,,,1.109140157699585
1565,,,,,1.1040089130401611
1566,,,,,1.104682207107544
1567,,,,,1.116713047027588
1568,,,,,1.0961713790893555
1569,,,,,1.1108191013336182
1570,0.0,,,,
1570,,,1.60944,,
1570,,,,,1.484318733215332
1571,,,,,1.0829684734344482
1572,,,,,1.132192611694336
1573,,,,,1.18741774559021
1574,,,,,1.204404354095459
1575,,,,,1.137913465499878
1576,,,,,1.168848991394043
1577,,,,,1.1662778854370117
1578,,,,,1.2001657485961914
1579,,,,,1.1969010829925537
1580,0.0,,,,
1580,,,1.60944,,
1580,,,,,1.589876651763916
1581,,,,,1.1672165393829346
1582,,,,,1.1985421180725098
1583,,,,,1.2024636268615723
1584,,,,,1.226057767868042
1585,,,,,1.20542311668396
1586,,,,,1.2079248428344727
1587,,,,,1.2109808921813965
1588,,,,,1.2125475406646729
1589,,,,,1.175428867340088
1590,0.0,,,,
1590,,,1.60944,,
1590,,,,,1.518075942993164
1591,,,,,1.1517620086669922
1592,,,,,1.6090075969696045
1593,,,,,1.2126953601837158
1594,,,,,1.2183561325073242
1595,,,,,1.2096128463745117
1596,,,,,1.2037529945373535
1597,,,,,1.2157671451568604
1598,,,,,1.2088570594787598
1599,,,,,1.1347808837890625
1600,0.0,,,,
1600,,,1.60944,,
1600,,0.0,,,
1600,,,,1.60944,
1600,,,,,1.8879120349884033
1601,,,,,1.0879557132720947
1602,,,,,1.1812283992767334
1603,,,,,1.1046783924102783
1604,,,,,1.0950186252593994
1605,,,,,1.1045820713043213
1606,,,,,1.0983176231384277
1607,,,,,1.1060972213745117
1608,,,,,1.1041309833526611
1609,,,,,1.0941505432128906
1610,0.0,,,,
1610,,,1.60944,,
1610,,,,,1.483959436416626
1611,,,,,1.093824863433838
1612,,,,,1.142090082168579
1613,,,,,1.0966236591339111
1614,,,,,1.1408822536468506
1615,,,,,1.1355299949645996
1616,,,,,1.208979606628418
1617,,,,,1.2025961875915527
1618,,,,,1.2104275226593018
1619,,,,,1.2150583267211914
1620,0.0,,,,
1620,,,1.60944,,
1620,,,,,1.5899279117584229
1621,,,,,1.1247973442077637
1622,,,,,1.1893529891967773
1623,,,,,1.0967955589294434
1624,,,,,1.121532678604126
1625,,,,,1.1549997329711914
1626,,,,,1.1310195922851562
1627,,,,,1.12060546875
1628,,,,,1.0930166244506836
1629,,,,,1.1374304294586182
1630,0.0,,,,
1630,,,1.60944,,
1630,,,,,1.4926493167877197
1631,,,,,1.1511409282684326
1632,,,,,1.210529088973999
1633,,,,,1.2041449546813965
1634,,,,,1.2213587760925293
1635,,,,,1.20023512840271
1636,,,,,1.2235321998596191
1637,,,,,1.2135615348815918
1638,,,,,1.2207798957824707
1639,,,,,1.2018942832946777
1640,0.0,,,,
1640,,,1.60944,,
1640,,,,,1.5961930751800537
1641,,,,,1.1853480339050293
1642,,,,,1.2132768630981445
1643,,,,,1.2332959175109863
1644,,,,,1.2237024307250977
1645,,,,,1.21921968460083
1646,,,,,1.1734180450439453
1647,,,,,1.2156949043273926
1648,,,,,1.2052431106567383
1649,,,,,1.2028868198394775
1650,0.0,,,,
1650,,,1.60944,,
1650,,,,,1.5911128520965576
1651,,,,,1.1891708374023438
1652,,,,,1.210676670074463
1653,,,,,1.2026124000549316
1654,,,,,1.2916874885559082
1655,,,,,1.235196590423584
1656,,,,,1.245361089706421
1657,,,,,1.1971871852874756
1658,,,,,1.2213304042816162
1659,,,,,1.2357189655303955
1660,0.0,,,,
1660,,,1.60944,,
1660,,,,,1.5795414447784424
1661,,,,,1.186934471130371
1662,,,,,1.1956148147583008
1663,,,,,1.2175414562225342
1664,,,,,1.1379096508026123
1665,,,,,1.1296064853668213
1666,,,,,1.14913010597229
1667,,,,,1.1436903476715088
1668,,,,,1.1089975833892822
1669,,,,,1.1218013763427734
1670,0.0,,,,
1670,,,1.60944,,
1670,,,,,1.4824738502502441
1671,,,,,1.1009325981140137
1672,,,,,1.1477100849151611
1673,,,,,1.1575214862823486
1674,,,,,1.1744651794433594
1675,,,,,1.2066295146942139
1676,,,,,1.2043590545654297
1677,,,,,1.2125132083892822
1678,,,,,1.2032268047332764
1679,,,,,1.2075271606445312
1680,0.0,,,,
1680,,,1.60944,,
1680,,,,,1.5974838733673096
1681,,,,,1.1698994636535645
1682,,,,,1.2015571594238281
1683,,,,,1.2076640129089355
1684,,,,,1.1999423503875732
1685,,,,,1.215656042098999
1686,,,,,1.2007758617401123
1687,,,,,1.1776061058044434
1688,,,,,1.1956920623779297
1689,,,,,1.1777927875518799
1690,0.0,,,,
1690,,,1.60944,,
1690,,,,,1.5717012882232666
1691,,,,,1.1697638034820557
1692,,,,,1.2062807083129883
1693,,,,,1.1648263931274414
1694,,,,,1.139315128326416
1695,,,,,1.1163756847381592
1696,,,,,1.1742610931396484
1697,,,,,1.1848490238189697
1698,,,,,1.200448989868164
1699,,,,,1.2034401893615723
1700,0.0,,,,
1700,,,1.60944,,
1700,,0.0,,,
1700,,,,1.60944,
1700,,,,,1.9803805351257324
1701,,,,,1.5270915031433105
1702,,,,,1.2018952369689941
1703,,,,,1.2101097106933594
1704,,,,,1.2777576446533203
1705,,,,,1.1973814964294434
1706,,,,,1.2002043724060059
1707,,,,,1.0984022617340088
1708,,,,,1.1230905055999756
1709,,,,,1.1026780605316162
1710,0.0,,,,
1710,,,1.60944,,
1710,,,,,1.5037641525268555
1711,,,,,1.0931715965270996
1712,,,,,1.089022159576416
1713,,,,,1.0937342643737793
1714,,,,,1.0894403457641602
1715,,,,,1.0955615043640137
1716,,,,,1.0922205448150635
1717,,,,,1.1043052673339844
1718,,,,,1.1767578125
1719,,,,,1.1578149795532227
1720,0.0,,,,
1720,,,1.60944,,
1720,,,,,1.5464401245117188
1721,,,,,1.1548457145690918
1722,,,,,1.1846504211425781
1723,,,,,1.1399059295654297
1724,,,,,1.102402925491333
1725,,,,,1.0900869369506836
1726,,,,,1.090421199798584
1727,,,,,1.0909664630889893
1728,,,,,1.1368253231048584
1729,,,,,1.2125022411346436
1730,0.0,,,,
1730,,,1.60944,,
1730,,,,,1.5922727584838867
1731,,,,,1.1892759799957275
1732,,,,,1.2163610458374023
1733,,,,,1.2087132930755615
1734,,,,,1.2074275016784668
1735,,,,,1.191648244857788
1736,,,,,1.1923797130584717
1737,,,,,1.1858439445495605
1738,,,,,1.1895537376403809
1739,,,,,1.2098841667175293
1740,0.0,,,,
1740,,,1.60944,,
1740,,,,,1.595444679260254
1741,,,,,1.1871755123138428
1742,,,,,1.2059876918792725
1743,,,,,1.208197832107544
1744,,,,,1.1887400150299072
1745,,,,,1.1891136169433594
1746,,,,,1.189504861831665
1747,,,,,1.1849803924560547
1748,,,,,1.2096765041351318
1749,,,,,1.1889734268188477
1750,0.0,,,,
1750,,,1.60944,,
1750,,,,,1.5979106426239014
1751,,,,,1.196401834487915
1752,,,,,1.2285761833190918
1753,,,,,1.2438242435455322
1754,,,,,1.2194604873657227
1755,,,,,1.2257914543151855
1756,,,,,1.2290802001953125
1757,,,,,1.23492431640625
1758,,,,,1.220703125
1759,,,,,1.1896631717681885
1760,0.0,,,,
1760,,,1.60944,,
1760,,,,,1.5751824378967285
1761,,,,,1.0844736099243164
1762,,,,,1.1303977966308594
1763,,,,,1.1042993068695068
1764,,,,,1.097182273864746
1765,,,,,1.0995867252349854
1766,,,,,1.1151885986328125
1767,,,,,1.0996267795562744
1768,,,,,1.1103262901306152
1769,,,,,1.1064884662628174
1770,0.1,,,,
1770,,,1.60944,,
1770,,,,,1.4845876693725586
1771,,,,,1.1189072132110596
1772,,,,,1.1834523677825928
1773,,,,,1.1773767471313477
1774,,,,,1.1888988018035889
1775,,,,,1.1881844997406006
1776,,,,,1.1905524730682373
1777,,,,,1.1974437236785889
1778,,,,,1.1957788467407227
1779,,,,,1.1409227848052979
1780,0.1,,,,
1780,,,1.60944,,
1780,,,,,1.4875330924987793
1781,,,,,1.1166911125183105
1782,,,,,1.1198394298553467
1783,,,,,1.2051827907562256
1784,,,,,1.1973202228546143
1785,,,,,1.1775314807891846
1786,,,,,1.1240167617797852
1787,,,,,1.1343817710876465
1788,,,,,1.111494779586792
1789,,,,,1.1150336265563965
1790,0.0,,,,
1790,,,1.60944,,
1790,,,,,1.495335578918457
1791,,,,,1.153444528579712
1792,,,,,1.1904289722442627
1793,,,,,1.1954407691955566
1794,,,,,1.1959397792816162
1795,,,,,1.2180681228637695
1796,,,,,1.2159950733184814
1797,,,,,1.223315715789795
1798,,,,,1.2339906692504883
1799,,,,,1.2263572216033936
1800,0.0,,,,
1800,,,1.60944,,
1800,,0.0,,,
1800,,,,1.60944,
1800,,,,,2.009997844696045
1801,,,,,1.692476511001587
1802,,,,,1.2100915908813477
1803,,,,,1.2044522762298584
1804,,,,,1.1824560165405273
1805,,,,,1.18772554397583
1806,,,,,1.187479019165039
1807,,,,,1.193185567855835
1808,,,,,1.1892690658569336
1809,,,,,1.2037572860717773
1810,0.0,,,,
1810,,,1.60944,,
1810,,,,,1.574310541152954
1811,,,,,1.1688790321350098
1812,,,,,1.2143492698669434
1813,,,,,1.1802833080291748
1814,,,,,1.1828546524047852
1815,,,,,1.1635334491729736
1816,,,,,1.1359913349151611
1817,,,,,1.105034589767456
1818,,,,,1.126939058303833
1819,,,,,1.152069330215454
1820,0.0,,,,
1820,,,1.60944,,
1820,,,,,1.5255985260009766
1821,,,,,1.1442198753356934
1822,,,,,1.1111407279968262
1823,,,,,1.1369080543518066
1824,,,,,1.1670286655426025
1825,,,,,1.1760976314544678
1826,,,,,1.1366143226623535
1827,,,,,1.1354303359985352
1828,,,,,1.1078729629516602
1829,,,,,1.1061649322509766
1830,0.0,,,,
1830,,,1.60944,,
1830,,,,,1.484919548034668
1831,,,,,1.1162285804748535
1832,,,,,1.126904010772705
1833,,,,,1.0926637649536133
1834,,,,,1.093371868133545
1835,,,,,1.0845937728881836
1836,,,,,1.1233582496643066
1837,,,,,1.2032256126403809
1838,,,,,1.205615758895874
1839,,,,,1.2044434547424316
1840,0.0,,,,
1840,,,1.60944,,
1840,,,,,1.5959711074829102
1841,,,,,1.2005715370178223
1842,,,,,1.2167589664459229
1843,,,,,1.2184808254241943
1844,,,,,1.1923582553863525
1845,,,,,1.216590166091919
1846,,,,,1.196666955947876
1847,,,,,1.2213327884674072
1848,,,,,1.208400011062622
1849,,,,,1.2245008945465088
1850,0.0,,,,
1850,,,1.60944,,
1850,,,,,1.6014761924743652
1851,,,,,1.167769193649292
1852,,,,,1.206869125366211
1853,,,,,1.2027699947357178
1854,,,,,1.199686050415039
1855,,,,,1.2021243572235107
1856,,,,,1.2268099784851074
1857,,,,,1.2137787342071533
1858,,,,,1.2443325519561768
1859,,,,,1.2190444469451904
1860,0.1,,,,
1860,,,1.60944,,
1860,,,,,1.589813232421875
1861,,,,,1.190448522567749
1862,,,,,1.205662488937378
1863,,,,,1.2023210525512695
1864,,,,,1.2048113346099854
1865,,,,,1.1983802318572998
1866,,,,,1.2184765338897705
1867,,,,,1.2235231399536133
1868,,,,,1.1290099620819092
1869,,,,,1.1897614002227783
1870,0.0,,,,
1870,,,1.60944,,
1870,,,,,1.5897252559661865
1871,,,,,1.172969102859497
1872,,,,,1.163799524307251
1873,,,,,1.1818130016326904
1874,,,,,1.129155158996582
1875,,,,,1.1177630424499512
1876,,,,,1.1143455505371094
1877,,,,,1.144099235534668
1878,,,,,1.1642956733703613
1879,,,,,1.1644835472106934
1880,0.0,,,,
1880,,,1.60944,,
1880,,,,,1.535475254058838
1881,,,,,1.1258580684661865
1882,,,,,1.1154918670654297
1883,,,,,1.126739501953125
1884,,,,,1.110762596130371
1885,,,,,1.1561286449432373
1886,,,,,1.1318442821502686
1887,,,,,1.1749954223632812
1888,,,,,1.1087157726287842
1889,,,,,1.1274466514587402
1890,0.1,,,,
1890,,,1.60944,,
1890,,,,,1.5067179203033447
1891,,,,,1.092590570449829
1892,,,,,1.1095631122589111
1893,,,,,1.0925586223602295
1894,,,,,1.0995819568634033
1895,,,,,1.098165512084961
1896,,,,,1.09360933303833
1897,,,,,1.113182544708252
1898,,,,,1.0897748470306396
1899,,,,,1.104781150817871
1900,0.0,,,,
1900,,,1.60944,,
1900,,0.0,,,
1900,,,,1.60944,
1900,,,,,1.865020513534546
1901,,,,,1.1240649223327637
1902,,,,,1.322239875793457
1903,,,,,1.2655608654022217
1904,,,,,1.1487586498260498
1905,,,,,1.151172399520874
1906,,,,,1.134946584701538
1907,,,,,1.1268510818481445
1908,,,,,1.0936660766601562
1909,,,,,1.0857083797454834
1910,0.0,,,,
1910,,,1.60944,,
1910,,,,,1.5020809173583984
1911,,,,,1.1264519691467285
1912,,,,,1.0984981060028076
1913,,,,,1.142096996307373
1914,,,,,1.1534924507141113
1915,,,,,1.1814243793487549
1916,,,,,1.1403720378875732
1917,,,,,1.1727266311645508
1918,,,,,1.153456211090088
1919,,,,,1.1476080417633057
1920,0.0,,,,
1920,,,1.60944,,
1920,,,,,1.5353634357452393
1921,,,,,1.1033577919006348
1922,,,,,1.0871412754058838
1923,,,,,1.089827060699463
1924,,,,,1.0868961811065674
1925,,,,,1.0910842418670654
1926,,,,,1.089440107345581
1927,,,,,1.1030948162078857
1928,,,,,1.0862348079681396
1929,,,,,1.0882277488708496
1930,0.0,,,,
1930,,,1.60944,,
1930,,,,,1.4756696224212646
1931,,,,,1.0932142734527588
1932,,,,,1.0868468284606934
1933,,,,,1.086005687713623
1934,,,,,1.095810890197754
1935,,,,,1.1200671195983887
1936,,,,,1.153815746307373
1937,,,,,1.1632070541381836
1938,,,,,1.1802277565002441
1939,,,,,1.1534855365753174
1940,0.0,,,,
1940,,,1.60944,,
1940,,,,,1.5326669216156006
1941,,,,,1.1498219966888428
1942,,,,,1.1440644264221191
1943,,,,,1.1706254482269287
1944,,,,,1.1807959079742432
1945,,,,,1.2126247882843018
1946,,,,,1.2257497310638428
1947,,,,,1.2237904071807861
1948,,,,,1.2192914485931396
1949,,,,,1.2089600563049316
1950,0.0,,,,
1950,,,1.60944,,
1950,,,,,1.5991408824920654
1951,,,,,1.186089038848877
1952,,,,,1.206890344619751
1953,,,,,1.203293800354004
1954,,,,,1.2035555839538574
1955,,,,,1.189873218536377
1956,,,,,1.1608350276947021
1957,,,,,1.2028937339782715
1958,,,,,1.194697618484497
1959,,,,,1.1550028324127197
1960,0.0,,,,
1960,,,1.60944,,
1960,,,,,1.590684175491333
1961,,,,,1.1622684001922607
1962,,,,,1.1426560878753662
1963,,,,,1.1434588432312012
1964,,,,,1.1822664737701416
1965,,,,,1.2072734832763672
1966,,,,,1.1598920822143555
1967,,,,,1.1286125183105469
1968,,,,,1.135662317276001
1969,,,,,1.128758192062378
1970,0.0,,,,
1970,,,1.60944,,
1970,,,,,1.5395100116729736
1971,,,,,1.088029146194458
1972,,,,,1.087049961090088
1973,,,,,1.087799310684204
1974,,,,,1.088712453842163
1975,,,,,1.0873627662658691
1976,,,,,1.0874888896942139
1977,,,,,1.1815106868743896
1978,,,,,1.1837742328643799
1979,,,,,1.1979963779449463
1980,0.0,,,,
1980,,,1.60944,,
1980,,,,,1.5763068199157715
1981,,,,,1.1802537441253662
1982,,,,,1.2157254219055176
1983,,,,,1.1669294834136963
1984,,,,,1.2013862133026123
1985,,,,,1.2208070755004883
1986,,,,,1.1565566062927246
1987,,,,,1.1899795532226562
1988,,,,,1.16908860206604
1989,,,,,1.2097222805023193
1990,0.0,,,,
1990,,,1.60944,,
1990,,,,,1.529245376586914
1991,,,,,1.219397783279419
1992,,,,,1.2218430042266846
1993,,,,,1.2352240085601807
1994,,,,,1.1750693321228027
1995,,,,,1.1509335041046143
1996,,,,,1.1415181159973145
1997,,,,,1.1289057731628418
1998,,,,,1.1101703643798828
1999,,,,,1.0969202518463135
2000,0.0,,,,
2000,,,1.60944,,
2000,,0.0,,,
2000,,,,1.60944,
2000,,,,,1.8715972900390625
2001,,,,,1.0832819938659668
2002,,,,,1.0836024284362793
2003,,,,,1.0938360691070557
2004,,,,,1.0905585289001465
2005,,,,,1.089108943939209
2006,,,,,1.1525242328643799
2007,,,,,1.0987350940704346
2008,,,,,1.1494863033294678
2009,,,,,1.2005033493041992
2010,0.0,,,,
2010,,,1.60944,,
2010,,,,,1.6072399616241455
2011,,,,,1.2291584014892578
2012,,,,,1.2166168689727783
2013,,,,,1.209261417388916
2014,,,,,1.2305569648742676
2015,,,,,1.1987824440002441
2016,,,,,1.2145171165466309
2017,,,,,1.1919665336608887
2018,,,,,1.2190237045288086
2019,,,,,1.2007381916046143
2020,0.0,,,,
2020,,,1.60944,,
2020,,,,,1.5124897956848145
2021,,,,,1.0932621955871582
2022,,,,,1.1124234199523926
2023,,,,,1.0894560813903809
2024,,,,,1.1020126342773438
2025,,,,,1.1036696434020996
2026,,,,,1.08339524269104
2027,,,,,1.0856025218963623
2028,,,,,1.0896317958831787
2029,,,,,1.082695484161377
2030,0.0,,,,
2030,,,1.60944,,
2030,,,,,1.4828367233276367
2031,,,,,1.1953003406524658
2032,,,,,1.216379165649414
2033,,,,,1.2075531482696533
2034,,,,,1.210059642791748
2035,,,,,1.199385404586792
2036,,,,,1.2061090469360352
2037,,,,,1.198230504989624
2038,,,,,1.1914873123168945
2039,,,,,1.1962218284606934
2040,0.0,,,,
2040,,,1.60944,,
2040,,,,,1.5602328777313232
2041,,,,,1.1676387786865234
2042,,,,,1.1960973739624023
2043,,,,,1.1417629718780518
2044,,,,,1.1107838153839111
2045,,,,,1.1191363334655762
2046,,,,,1.0880780220031738
2047,,,,,1.1418726444244385
2048,,,,,1.1147181987762451
2049,,,,,1.0894544124603271
2050,0.0,,,,
2050,,,1.60944,,
2050,,,,,1.4792509078979492
2051,,,,,1.0863354206085205
2052,,,,,1.1478452682495117
2053,,,,,1.2145271301269531
2054,,,,,1.2307167053222656
2055,,,,,1.2148585319519043
2056,,,,,1.2095904350280762
2057,,,,,1.2144784927368164
2058,,,,,1.2032105922698975
2059,,,,,1.1835224628448486
2060,0.0,,,,
2060,,,1.60944,,
2060,,,,,1.5853588581085205
2061,,,,,1.1873347759246826
2062,,,,,1.2067124843597412
2063,,,,,1.1701319217681885
2064,,,,,1.0938608646392822
2065,,,,,1.089890480041504
2066,,,,,1.0869061946868896
2067,,,,,1.0918889045715332
2068,,,,,1.0864245891571045
2069,,,,,1.087533712387085
2070,0.0,,,,
2070,,,1.60944,,
2070,,,,,1.5539240837097168
2071,,,,,1.1856193542480469
2072,,,,,1.2074437141418457
2073,,,,,1.2067813873291016
2074,,,,,1.1318533420562744
2075,,,,,1.0930366516113281
2076,,,,,1.1030445098876953
2077,,,,,1.0898199081420898
2078,,,,,1.090487003326416
2079,,,,,1.0886695384979248
2080,0.0,,,,
2080,,,1.60944,,
2080,,,,,1.4682319164276123
2081,,,,,1.1258814334869385
2082,,,,,1.128251314163208
2083,,,,,1.1526665687561035
2084,,,,,1.1584632396697998
2085,,,,,1.1264240741729736
2086,,,,,1.1079010963439941
2087,,,,,1.1117591857910156
2088,,,,,1.1280407905578613
2089,,,,,1.120924711227417
2090,0.0,,,,
2090,,,1.60944,,
2090,,,,,1.5010032653808594
2091,,,,,1.0980494022369385
2092,,,,,1.1150622367858887
2093,,,,,1.1063218116760254
2094,,,,,1.1072466373443604
2095,,,,,1.1124587059020996
2096,,,,,1.2050600051879883
2097,,,,,1.1963777542114258
2098,,,,,1.1942963600158691
2099,,,,,1.2063965797424316
2100,0.0,,,,
2100,,,1.60944,,
2100,,0.0,,,
2100,,,,1.60944,
2100,,,,,1.9963006973266602
2101,,,,,1.7853975296020508
2102,,,,,1.2299435138702393
2103,,,,,1.2233507633209229
2104,,,,,1.2094149589538574
2105,,,,,1.2203662395477295
2106,,,,,1.1822426319122314
2107,,,,,1.0969269275665283
2108,,,,,1.0937018394470215
2109,,,,,1.105696678161621
2110,0.0,,,,
2110,,,1.60944,,
2110,,,,,1.5010876655578613
2111,,,,,1.1189303398132324
2112,,,,,1.1006462574005127
2113,,,,,1.1180949211120605
2114,,,,,1.0898208618164062
2115,,,,,1.143526554107666
2116,,,,,1.1429862976074219
2117,,,,,1.182072401046753
2118,,,,,1.205601453781128
2119,,,,,1.1734559535980225
2120,0.0,,,,
2120,,,1.60944,,
2120,,,,,1.5426721572875977
2121,,,,,1.162909984588623
2122,,,,,1.187999963760376
2123,,,,,1.1418952941894531
2124,,,,,1.0849533081054688
2125,,,,,1.0865285396575928
2126,,,,,1.0851521492004395
2127,,,,,1.0909054279327393
2128,,,,,1.1011369228363037
2129,,,,,1.0933427810668945
2130,0.0,,,,
2130,,,1.60944,,
2130,,,,,1.508218765258789
2131,,,,,1.1067047119140625
2132,,,,,1.099238395690918
2133,,,,,1.1239724159240723
2134,,,,,1.1300804615020752
2135,,,,,1.14780855178833
2136,,,,,1.1561648845672607
2137,,,,,1.108431339263916
2138,,,,,1.1187727451324463
2139,,,,,1.0906226634979248
2140,0.0,,,,
2140,,,1.60944,,
2140,,,,,1.503434181213379
2141,,,,,1.0996334552764893
2142,,,,,1.1312015056610107
2143,,,,,1.1073329448699951
2144,,,,,1.0995900630950928
2145,,,,,1.089465618133545
2146,,,,,1.1042962074279785
2147,,,,,1.1046044826507568
2148,,,,,1.1289076805114746
2149,,,,,1.1190533638000488
2150,0.0,,,,
2150,,,1.60944,,
2150,,,,,1.4734981060028076
2151,,,,,1.0819106101989746
2152,,,,,1.1023340225219727
2153,,,,,1.0901706218719482
2154,,,,,1.1037914752960205
2155,,,,,1.0983691215515137
2156,,,,,1.0931107997894287
2157,,,,,1.0988214015960693
2158,,,,,1.091146469116211
2159,,,,,1.0889372825622559
2160,0.0,,,,
2160,,,1.60944,,
2160,,,,,1.5418543815612793
2161,,,,,1.1928057670593262
2162,,,,,1.2217729091644287
2163,,,,,1.2368905544281006
2164,,,,,1.1424601078033447
2165,,,,,1.2296459674835205
2166,,,,,1.2207484245300293
2167,,,,,1.227449893951416
2168,,,,,1.244889259338379
2169,,,,,1.2108829021453857
2170,0.0,,,,
2170,,,1.60944,,
2170,,,,,1.568406105041504
2171,,,,,1.207005262374878
2172,,,,,1.2680931091308594
2173,,,,,1.2303407192230225
2174,,,,,1.2351372241973877
2175,,,,,1.2229831218719482
2176,,,,,1.2479944229125977
2177,,,,,1.2266170978546143
2178,,,,,1.2016923427581787
2179,,,,,1.2103023529052734
2180,0.1,,,,
2180,,,1.60944,,
2180,,,,,1.5912044048309326
2181,,,,,1.197251319885254
2182,,,,,1.141747236251831
2183,,,,,1.1171653270721436
2184,,,,,1.0989160537719727
2185,,,,,1.1128451824188232
2186,,,,,1.099292516708374
2187,,,,,1.1207308769226074
2188,,,,,1.1374118328094482
2189,,,,,1.1111664772033691
2190,0.0,,,,
2190,,,1.60944,,
2190,,,,,1.5127851963043213
2191,,,,,1.1009933948516846
2192,,,,,1.1149988174438477
2193,,,,,1.1052205562591553
2194,,,,,1.142503023147583
2195,,,,,1.1004140377044678
2196,,,,,1.1332051753997803
2197,,,,,1.0885040760040283
2198,,,,,1.1197729110717773
2199,,,,,1.1098964214324951
2200,0.0,,,,
2200,,,1.60944,,
2200,,0.0,,,
2200,,,,1.60944,
2200,,,,,1.9038052558898926
2201,,,,,1.0758187770843506
2202,,,,,1.113891839981079
2203,,,,,1.1301422119140625
2204,,,,,1.093142032623291
2205,,,,,1.0823445320129395
2206,,,,,1.0880918502807617
2207,,,,,1.09075927734375
2208,,,,,1.0938010215759277
2209,,,,,1.0818819999694824
2210,0.0,,,,
2210,,,1.60944,,
2210,,,,,1.4746692180633545
2211,,,,,1.0864334106445312
2212,,,,,1.0845448970794678
2213,,,,,1.088670253753662
2214,,,,,1.1427342891693115
2215,,,,,1.2452731132507324
2216,,,,,1.2298946380615234
2217,,,,,1.2354280948638916
2218,,,,,1.202178716659546
2219,,,,,1.1943433284759521
2220,0.1,,,,
2220,,,1.60944,,
2220,,,,,1.5845186710357666
2221,,,,,1.192014455795288
2222,,,,,1.2072868347167969
2223,,,,,1.2518372535705566
2224,,,,,1.2440288066864014
2225,,,,,1.2269294261932373
2226,,,,,1.1360278129577637
2227,,,,,1.1330337524414062
2228,,,,,1.1134095191955566
2229,,,,,1.0994453430175781
2230,0.0,,,,
2230,,,1.60944,,
2230,,,,,1.498244047164917
2231,,,,,1.0892622470855713
2232,,,,,1.0842204093933105
2233,,,,,1.0892665386199951
2234,,,,,1.0912182331085205
2235,,,,,1.092015027999878
2236,,,,,1.0880546569824219
2237,,,,,1.0913348197937012
2238,,,,,1.0888965129852295
2239,,,,,1.0899593830108643
2240,0.0,,,,
2240,,,1.60944,,
2240,,,,,1.4810056686401367
2241,,,,,1.0813219547271729
2242,,,,,1.0871384143829346
2243,,,,,1.098900318145752
2244,,,,,1.0885136127471924
2245,,,,,1.09010910987854
2246,,,,,1.0894334316253662
2247,,,,,1.0991089344024658
2248,,,,,1.0885815620422363
2249,,,,,1.1067330837249756
2250,0.0,,,,
2250,,,1.60944,,
2250,,,,,1.4729721546173096
2251,,,,,1.0882930755615234
2252,,,,,1.0855309963226318
2253,,,,,1.0880613327026367
2254,,,,,1.0897905826568604
2255,,,,,1.0839745998382568
2256,,,,,1.0920937061309814
2257,,,,,1.0914981365203857
2258,,,,,1.2048749923706055
2259,,,,,1.2106616497039795
2260,0.0,,,,
2260,,,1.60944,,
2260,,,,,1.5876133441925049
2261,,,,,1.185840129852295
2262,,,,,1.2250990867614746
2263,,,,,1.2045400142669678
2264,,,,,1.2001748085021973
2265,,,,,1.2003657817840576
2266,,,,,1.2075295448303223
2267,,,,,1.2231104373931885
2268,,,,,1.1785547733306885
2269,,,,,1.087815523147583
2270,0.0,,,,
2270,,,1.60944,,
2270,,,,,1.4696390628814697
2271,,,,,1.0929856300354004
2272,,,,,1.0859241485595703
2273,,,,,1.0872087478637695
2274,,,,,1.080291986465454
2275,,,,,1.1106305122375488
2276,,,,,1.0902957916259766
2277,,,,,1.0861072540283203
2278,,,,,1.097224473953247
2279,,,,,1.143202781677246
2280,0.0,,,,
2280,,,1.60944,,
2280,,,,,1.5956416130065918
2281,,,,,1.2043933868408203
2282,,,,,1.220808506011963
2283,,,,,1.223830223083496
2284,,,,,1.217130422592163
2285,,,,,1.2200641632080078
2286,,,,,1.2254154682159424
2287,,,,,1.2242100238800049
2288,,,,,1.2122526168823242
2289,,,,,1.209317684173584
2290,0.0,,,,
2290,,,1.60944,,
2290,,,,,1.5243799686431885
2291,,,,,1.0829200744628906
2292,,,,,1.091235637664795
2293,,,,,1.087782382965088
2294,,,,,1.0917344093322754
2295,,,,,1.086129903793335
2296,,,,,1.086660385131836
2297,,,,,1.0914008617401123
2298,,,,,1.0929477214813232
2299,,,,,1.0862293243408203
2300,0.0,,,,
2300,,,1.60944,,
2300,,0.0,,,
2300,,,,1.60944,
2300,,,,,1.869948148727417
2301,,,,,1.6557090282440186
2302,,,,,1.2066521644592285
2303,,,,,1.2071077823638916
2304,,,,,1.1996817588806152
2305,,,,,1.2242155075073242
2306,,,,,1.230745792388916
2307,,,,,1.2288153171539307
2308,,,,,1.2149603366851807
2309,,,,,1.2434191703796387
2310,0.0,,,,
2310,,,1.60944,,
2310,,,,,1.622020959854126
2311,,,,,1.2182576656341553
2312,,,,,1.1563892364501953
2313,,,,,1.1419215202331543
2314,,,,,1.1605350971221924
2315,,,,,1.1338753700256348
2316,,,,,1.1369102001190186
2317,,,,,1.212134838104248
2318,,,,,1.2039604187011719
2319,,,,,1.2134389877319336
2320,0.0,,,,
2320,,,1.60944,,
2320,,,,,1.602808952331543
2321,,,,,1.204820156097412
2322,,,,,1.2031333446502686
2323,,,,,1.1056764125823975
2324,,,,,1.1186723709106445
2325,,,,,1.1150939464569092
2326,,,,,1.1108214855194092
2327,,,,,1.1265664100646973
2328,,,,,1.104961633682251
2329,,,,,1.1191601753234863
2330,0.0,,,,
2330,,,1.60944,,
2330,,,,,1.475693941116333
2331,,,,,1.102989673614502
2332,,,,,1.1105220317840576
2333,,,,,1.090458631515503
2334,,,,,1.1372113227844238
2335,,,,,1.1382288932800293
2336,,,,,1.1561012268066406
2337,,,,,1.164820909500122
2338,,,,,1.1762630939483643
2339,,,,,1.1849286556243896
2340,0.0,,,,
2340,,,1.60944,,
2340,,,,,1.5352351665496826
2341,,,,,1.1066792011260986
2342,,,,,1.1572413444519043
2343,,,,,1.1522178649902344
2344,,,,,1.1364505290985107
2345,,,,,1.1350114345550537
2346,,,,,1.1705927848815918
2347,,,,,1.1789793968200684
2348,,,,,1.1687908172607422
2349,,,,,1.141789197921753
2350,0.0,,,,
2350,,,1.60944,,
2350,,,,,1.5744082927703857
2351,,,,,1.147688627243042
2352,,,,,1.1583762168884277
2353,,,,,1.1506545543670654
2354,,,,,1.1511666774749756
2355,,,,,1.211883544921875
2356,,,,,1.2182557582855225
2357,,,,,1.1972191333770752
2358,,,,,1.2150325775146484
2359,,,,,1.2022814750671387
2360,0.0,,,,
2360,,,1.60944,,
2360,,,,,1.5956385135650635
2361,,,,,1.1996965408325195
2362,,,,,1.2251641750335693
2363,,,,,1.2049500942230225
2364,,,,,1.1926445960998535
2365,,,,,1.200118064880371
2366,,,,,1.2292895317077637
2367,,,,,1.2149415016174316
2368,,,,,1.2173175811767578
2369,,,,,1.2030277252197266
2370,0.1,,,,
2370,,,1.60944,,
2370,,,,,1.590808391571045
2371,,,,,1.1961462497711182
2372,,,,,1.1976103782653809
2373,,,,,1.143909215927124
2374,,,,,1.1499955654144287
2375,,,,,1.1249544620513916
2376,,,,,1.1308321952819824
2377,,,,,1.1029760837554932
2378,,,,,1.0921618938446045
2379,,,,,1.08665132522583
2380,0.0,,,,
2380,,,1.60944,,
2380,,,,,1.5094153881072998
2381,,,,,1.0868008136749268
2382,,,,,1.0923707485198975
2383,,,,,1.1505577564239502
2384,,,,,1.1554920673370361
2385,,,,,1.1207211017608643
2386,,,,,1.1810729503631592
2387,,,,,1.1884167194366455
2388,,,,,1.2064785957336426
2389,,,,,1.2175068855285645
2390,0.0,,,,
2390,,,1.60944,,
2390,,,,,1.5909290313720703
2391,,,,,1.1879808902740479
2392,,,,,1.2142467498779297
2393,,,,,1.2340679168701172
2394,,,,,1.2234525680541992
2395,,,,,1.231640100479126
2396,,,,,1.223137378692627
2397,,,,,1.2382454872131348
2398,,,,,1.145843267440796
2399,,,,,1.0954713821411133
2400,0.0,,,,
2400,,,1.60944,,
2400,,0.0,,,
2400,,,,1.60944,
2400,,,,,1.933971881866455
2401,,,,,1.130150556564331
2402,,,,,1.3588261604309082
2403,,,,,1.1670024394989014
2404,,,,,1.1827480792999268
2405,,,,,1.1366190910339355
2406,,,,,1.1368904113769531
2407,,,,,1.1301276683807373
2408,,,,,1.1180493831634521
2409,,,,,1.1047275066375732
2410,0.0,,,,
2410,,,1.60944,,
2410,,,,,1.490171194076538
2411,,,,,1.103266954421997
2412,,,,,1.0864596366882324
2413,,,,,1.103882074356079
2414,,,,,1.1074893474578857
2415,,,,,1.1031441688537598
2416,,,,,1.1081154346466064
2417,,,,,1.0931777954101562
2418,,,,,1.0881459712982178
2419,,,,,1.0868113040924072
2420,0.0,,,,
2420,,,1.60944,,
2420,,,,,1.4735469818115234
2421,,,,,1.0882313251495361
2422,,,,,1.0836708545684814
2423,,,,,1.090912103652954
2424,,,,,1.0882306098937988
2425,,,,,1.0868444442749023
2426,,,,,1.0909144878387451
2427,,,,,1.0870640277862549
2428,,,,,1.085496425628662
2429,,,,,1.089020013809204
2430,0.0,,,,
2430,,,1.60944,,
2430,,,,,1.4731745719909668
2431,,,,,1.0826301574707031
2432,,,,,1.085566759109497
2433,,,,,1.0909218788146973
2434,,,,,1.0952799320220947
2435,,,,,1.0906283855438232
2436,,,,,1.0859415531158447
2437,,,,,1.0915436744689941
2438,,,,,1.0880370140075684
2439,,,,,1.0870835781097412
2440,0.0,,,,
2440,,,1.60944,,
2440,,,,,1.4864528179168701
2441,,,,,1.0863547325134277
2442,,,,,1.081916332244873
2443,,,,,1.0980937480926514
2444,,,,,1.0896143913269043
2445,,,,,1.0862996578216553
2446,,,,,1.0857973098754883
2447,,,,,1.0915634632110596
2448,,,,,1.0917305946350098
2449,,,,,1.0849788188934326
2450,0.0,,,,
2450,,,1.60944,,
2450,,,,,1.4764282703399658
2451,,,,,1.0830371379852295
2452,,,,,1.1018762588500977
2453,,,,,1.085988998413086
2454,,,,,1.0892140865325928
2455,,,,,1.0859200954437256
2456,,,,,1.0874958038330078
2457,,,,,1.0950045585632324
2458,,,,,1.1082375049591064
2459,,,,,1.0892980098724365
2460,0.0,,,,
2460,,,1.60944,,
2460,,,,,1.4720985889434814
2461,,,,,1.0876984596252441
2462,,,,,1.089608907699585
2463,,,,,1.089669942855835
2464,,,,,1.0879385471343994
2465,,,,,1.0829041004180908
2466,,,,,1.0902209281921387
2467,,,,,1.0832397937774658
2468,,,,,1.0864360332489014
2469,,,,,1.0972990989685059
2470,0.0,,,,
2470,,,1.60944,,
2470,,,,,1.4789628982543945
2471,,,,,1.085792064666748
2472,,,,,1.0851280689239502
2473,,,,,1.0900418758392334
2474,,,,,1.1219079494476318
2475,,,,,1.2190487384796143
2476,,,,,1.211852788925171
2477,,,,,1.2156100273132324
2478,,,,,1.2251849174499512
2479,,,,,1.2172906398773193
2480,0.0,,,,
2480,,,1.60944,,
2480,,,,,1.5872721672058105
2481,,,,,1.2272346019744873
2482,,,,,1.2522284984588623
2483,,,,,1.2647850513458252
2484,,,,,1.232980489730835
2485,,,,,1.1381547451019287
2486,,,,,1.1424074172973633
2487,,,,,1.089050531387329
2488,,,,,1.0857136249542236
2489,,,,,1.094041347503662
2490,0.0,,,,
2490,,,1.60944,,
2490,,,,,1.4774272441864014
2491,,,,,1.0771536827087402
2492,,,,,1.0901257991790771
2493,,,,,1.087259292602539
2494,,,,,1.086517333984375
2495,,,,,1.14668607711792
2496,,,,,1.2198455333709717
2497,,,,,1.2197258472442627
2498,,,,,1.2221095561981201
2499,,,,,1.2168762683868408
2500,0.0,,,,
2500,,,1.60944,,
2500,,0.0,,,
2500,,,,1.60944,
2500,,,,,1.987532138824463
2501,,,,,1.835644245147705
2502,,,,,1.232076644897461
2503,,,,,1.2149062156677246
2504,,,,,1.203000545501709
2505,,,,,1.2011401653289795
2506,,,,,1.1497974395751953
2507,,,,,1.09816575050354
2508,,,,,1.122424602508545
2509,,,,,1.1014735698699951
2510,0.0,,,,
2510,,,1.60944,,
2510,,,,,1.4859280586242676
2511,,,,,1.0871648788452148
2512,,,,,1.089026689529419
2513,,,,,1.0873382091522217
2514,,,,,1.0872609615325928
2515,,,,,1.0861856937408447
2516,,,,,1.0886709690093994
2517,,,,,1.0833170413970947
2518,,,,,1.0848851203918457
2519,,,,,1.0922718048095703
2520,0.0,,,,
2520,,,1.60944,,
2520,,,,,1.5014266967773438
2521,,,,,1.112600326538086
2522,,,,,1.0828227996826172
2523,,,,,1.091026782989502
2524,,,,,1.0846669673919678
2525,,,,,1.1002483367919922
2526,,,,,1.0889384746551514
2527,,,,,1.0860190391540527
2528,,,,,1.1362895965576172
2529,,,,,1.14461088180542
2530,0.0,,,,
2530,,,1.60944,,
2530,,,,,1.4707515239715576
2531,,,,,1.1006698608398438
2532,,,,,1.0867786407470703
2533,,,,,1.1128900051116943
2534,,,,,1.0862340927124023
2535,,,,,1.1409900188446045
2536,,,,,1.1558659076690674
2537,,,,,1.145836591720581
2538,,,,,1.1379611492156982
2539,,,,,1.204000473022461
2540,0.0,,,,
2540,,,1.60944,,
2540,,,,,1.603442668914795
2541,,,,,1.1852216720581055
2542,,,,,1.2218921184539795
2543,,,,,1.195946216583252
2544,,,,,1.2082459926605225
2545,,,,,1.219724178314209
2546,,,,,1.208777904510498
2547,,,,,1.2218313217163086
2548,,,,,1.2051935195922852
2549,,,,,1.2051074504852295
2550,0.0,,,,
2550,,,1.60944,,
2550,,,,,1.5983400344848633
2551,,,,,1.163780927658081
2552,,,,,1.188000202178955
2553,,,,,1.1822881698608398
2554,,,,,1.156864881515503
2555,,,,,1.154294490814209
2556,,,,,1.2024753093719482
2557,,,,,1.1758980751037598
2558,,,,,1.2175319194793701
2559,,,,,1.2203350067138672
2560,0.0,,,,
2560,,,1.60944,,
2560,,,,,1.6030616760253906
2561,,,,,1.2168545722961426
2562,,,,,1.2084665298461914
2563,,,,,1.2053537368774414
2564,,,,,1.2163808345794678
2565,,,,,1.2130398750305176
2566,,,,,1.2085082530975342
2567,,,,,1.203293800354004
2568,,,,,1.205763816833496
2569,,,,,1.2141811847686768
2570,0.0,,,,
2570,,,1.60944,,
2570,,,,,1.6058125495910645
2571,,,,,1.1346590518951416
2572,,,,,1.1567504405975342
2573,,,,,1.1701393127441406
2574,,,,,1.1615996360778809
2575,,,,,1.1414613723754883
2576,,,,,1.13431715965271
2577,,,,,1.1355953216552734
2578,,,,,1.206709384918213
2579,,,,,1.205507755279541
2580,0.0,,,,
2580,,,1.60944,,
2580,,,,,1.5921251773834229
2581,,,,,1.200206995010376
2582,,,,,1.127082109451294
2583,,,,,1.149134874343872
2584,,,,,1.1453697681427002
2585,,,,,1.1532573699951172
2586,,,,,1.1504888534545898
2587,,,,,1.15106201171875
2588,,,,,1.1323237419128418
2589,,,,,1.1318440437316895
2590,0.0,,,,
2590,,,1.60944,,
2590,,,,,1.5538609027862549
2591,,,,,1.1496930122375488
2592,,,,,1.164133071899414
2593,,,,,1.1862449645996094
2594,,,,,1.1294276714324951
2595,,,,,1.2204277515411377
2596,,,,,1.195638656616211
2597,,,,,1.2258703708648682
2598,,,,,1.1279211044311523
2599,,,,,1.1080105304718018
2600,0.0,,,,
2600,,,1.60944,,
2600,,0.0,,,
2600,,,,1.60944,
2600,,,,,1.895127296447754
2601,,,,,1.107250452041626
2602,,,,,1.1542212963104248
2603,,,,,1.119671106338501
2604,,,,,1.0921621322631836
2605,,,,,1.112856388092041
2606,,,,,1.1594138145446777
2607,,,,,1.143794059753418
2608,,,,,1.128810167312622
2609,,,,,1.182786464691162
2610,0.0,,,,
2610,,,1.60944,,
2610,,,,,1.544506549835205
2611,,,,,1.1533145904541016
2612,,,,,1.1846773624420166
2613,,,,,1.1680817604064941
2614,,,,,1.161820650100708
2615,,,,,1.1441493034362793
2616,,,,,1.168630599975586
2617,,,,,1.1376330852508545
2618,,,,,1.1527316570281982
2619,,,,,1.1374616622924805
2620,0.0,,,,
2620,,,1.60944,,
2620,,,,,1.562953233718872
2621,,,,,1.135145664215088
2622,,,,,1.1269445419311523
2623,,,,,1.1501777172088623
2624,,,,,1.1561872959136963
2625,,,,,1.0890133380889893
2626,,,,,1.0899181365966797
2627,,,,,1.0985910892486572
2628,,,,,1.0846917629241943
2629,,,,,1.1004383563995361
2630,0.0,,,,
2630,,,1.60944,,
2630,,,,,1.531038761138916
2631,,,,,1.1097908020019531
2632,,,,,1.10164475440979
2633,,,,,1.1039023399353027
2634,,,,,1.1023623943328857
2635,,,,,1.081613540649414
2636,,,,,1.155855655670166
2637,,,,,1.1636455059051514
2638,,,,,1.1811954975128174
2639,,,,,1.1765806674957275
2640,0.0,,,,
2640,,,1.60944,,
2640,,,,,1.5600669384002686
2641,,,,,1.1420800685882568
2642,,,,,1.1680750846862793
2643,,,,,1.2287788391113281
2644,,,,,1.237104892730713
2645,,,,,1.2158222198486328
2646,,,,,1.208540439605713
2647,,,,,1.1340913772583008
2648,,,,,1.1386659145355225
2649,,,,,1.0896892547607422
2650,0.1,,,,
2650,,,1.60944,,
2650,,,,,1.484957218170166
2651,,,,,1.1101982593536377
2652,,,,,1.1193289756774902
2653,,,,,1.0887737274169922
2654,,,,,1.1125504970550537
2655,,,,,1.1168317794799805
2656,,,,,1.1309211254119873
2657,,,,,1.1064260005950928
2658,,,,,1.103729248046875
2659,,,,,1.0951621532440186
2660,0.0,,,,
2660,,,1.60944,,
2660,,,,,1.4854583740234375
2661,,,,,1.1128146648406982
2662,,,,,1.1270761489868164
2663,,,,,1.1089789867401123
2664,,,,,1.0943119525909424
2665,,,,,1.1093840599060059
2666,,,,,1.0988590717315674
2667,,,,,1.0995688438415527
2668,,,,,1.1992464065551758
2669,,,,,1.1934728622436523
2670,0.0,,,,
2670,,,1.60944,,
2670,,,,,1.5867900848388672
2671,,,,,1.1664304733276367
2672,,,,,1.1991550922393799
2673,,,,,1.200273036956787
2674,,,,,1.1607775688171387
2675,,,,,1.1299324035644531
2676,,,,,1.1425096988677979
2677,,,,,1.142744779586792
2678,,,,,1.1431350708007812
2679,,,,,1.1206703186035156
2680,0.0,,,,
2680,,,1.60944,,
2680,,,,,1.4972686767578125
2681,,,,,1.089766263961792
2682,,,,,1.1409964561462402
2683,,,,,1.1283793449401855
2684,,,,,1.157203197479248
2685,,,,,1.161240816116333
2686,,,,,1.0946576595306396
2687,,,,,1.1259336471557617
2688,,,,,1.1947736740112305
2689,,,,,1.205869436264038
2690,0.0,,,,
2690,,,1.60944,,
2690,,,,,1.5081806182861328
2691,,,,,1.0813839435577393
2692,,,,,1.0953741073608398
2693,,,,,1.0853371620178223
2694,,,,,1.0905253887176514
2695,,,,,1.089461326599121
2696,,,,,1.0851168632507324
2697,,,,,1.0996809005737305
2698,,,,,1.088219165802002
2699,,,,,1.0888245105743408
2700,0.0,,,,
2700,,,1.60944,,
2700,,0.0,,,
2700,,,,1.60944,
2700,,,,,1.8916983604431152
2701,,,,,1.430286169052124
2702,,,,,1.3683876991271973
2703,,,,,1.1963083744049072
2704,,,,,1.1746752262115479
2705,,,,,1.1812543869018555
2706,,,,,1.1381072998046875
2707,,,,,1.186729907989502
2708,,,,,1.160776138305664
2709,,,,,1.2208566665649414
2710,0.0,,,,
2710,,,1.60944,,
2710,,,,,1.6019408702850342
2711,,,,,1.208421230316162
2712,,,,,1.2463486194610596
2713,,,,,1.2262787818908691
2714,,,,,1.2278480529785156
2715,,,,,1.2309837341308594
2716,,,,,1.2306125164031982
2717,,,,,1.2079918384552002
2718,,,,,1.2008044719696045
2719,,,,,1.2056622505187988
2720,0.0,,,,
2720,,,1.60944,,
2720,,,,,1.5894827842712402
2721,,,,,1.1901025772094727
2722,,,,,1.1576430797576904
2723,,,,,1.0878217220306396
2724,,,,,1.089761734008789
2725,,,,,1.0887362957000732
2726,,,,,1.0841493606567383
2727,,,,,1.088221788406372
2728,,,,,1.0907163619995117
2729,,,,,1.0835824012756348
2730,0.0,,,,
2730,,,1.60944,,
2730,,,,,1.4850046634674072
2731,,,,,1.0848259925842285
2732,,,,,1.083871603012085
2733,,,,,1.1831531524658203
2734,,,,,1.1852431297302246
2735,,,,,1.1622989177703857
2736,,,,,1.1459221839904785
2737,,,,,1.1462430953979492
2738,,,,,1.1738739013671875
2739,,,,,1.1233677864074707
2740,0.0,,,,
2740,,,1.60944,,
2740,,,,,1.4863908290863037
2741,,,,,1.0995140075683594
2742,,,,,1.1062946319580078
2743,,,,,1.118725299835205
2744,,,,,1.0922441482543945
2745,,,,,1.083251953125
2746,,,,,1.0855817794799805
2747,,,,,1.1049671173095703
2748,,,,,1.0966241359710693
2749,,,,,1.0828659534454346
2750,0.0,,,,
2750,,,1.60944,,
2750,,,,,1.475168228149414
2751,,,,,1.0792016983032227
2752,,,,,1.1069772243499756
2753,,,,,1.086655855178833
2754,,,,,1.112241506576538
2755,,,,,1.0891811847686768
2756,,,,,1.086578369140625
2757,,,,,1.090376377105713
2758,,,,,1.080137014389038
2759,,,,,1.0884289741516113
2760,0.0,,,,
2760,,,1.60944,,
2760,,,,,1.4763379096984863
2761,,,,,1.0791666507720947
2762,,,,,1.085444450378418
2763,,,,,1.098130226135254
2764,,,,,1.0846056938171387
2765,,,,,1.089613914489746
2766,,,,,1.083817481994629
2767,,,,,1.0944023132324219
2768,,,,,1.0917232036590576
2769,,,,,1.0892207622528076
2770,0.0,,,,
2770,,,1.60944,,
2770,,,,,1.4765565395355225
2771,,,,,1.0839266777038574
2772,,,,,1.0853002071380615
2773,,,,,1.0843117237091064
2774,,,,,1.0844855308532715
2775,,,,,1.0882847309112549
2776,,,,,1.0851175785064697
2777,,,,,1.0851037502288818
2778,,,,,1.0849049091339111
2779,,,,,1.092660665512085
2780,0.0,,,,
2780,,,1.60944,,
2780,,,,,1.4789292812347412
2781,,,,,1.077920913696289
2782,,,,,1.0919270515441895
2783,,,,,1.0953195095062256
2784,,,,,1.088435173034668
2785,,,,,1.0849902629852295
2786,,,,,1.0920495986938477
2787,,,,,1.0912282466888428
2788,,,,,1.091200828552246
2789,,,,,1.0876374244689941
2790,0.0,,,,
2790,,,1.60944,,
2790,,,,,1.4731926918029785
2791,,,,,1.084658145904541
2792,,,,,1.0937228202819824
2793,,,,,1.091078758239746
2794,,,,,1.0849862098693848
2795,,,,,1.0864591598510742
2796,,,,,1.091660976409912
2797,,,,,1.0828185081481934
2798,,,,,1.0925800800323486
2799,,,,,1.0922236442565918
2800,0.0,,,,
2800,,,1.60944,,
2800,,0.0,,,
2800,,,,1.60944,
2800,,,,,1.8647575378417969
2801,,,,,1.0773138999938965
2802,,,,,1.088576316833496
2803,,,,,1.0930957794189453
2804,,,,,1.0908548831939697
2805,,,,,1.0816338062286377
2806,,,,,1.090315580368042
2807,,,,,1.0901291370391846
2808,,,,,1.0894701480865479
2809,,,,,1.0912573337554932
2810,0.0,,,,
2810,,,1.60944,,
2810,,,,,1.4745607376098633
2811,,,,,1.0845756530761719
2812,,,,,1.0847811698913574
2813,,,,,1.0853674411773682
2814,,,,,1.0938160419464111
2815,,,,,1.0880467891693115
2816,,,,,1.0876390933990479
2817,,,,,1.091270923614502
2818,,,,,1.0889291763305664
2819,,,,,1.087672233581543
2820,0.1,,,,
2820,,,1.60944,,
2820,,,,,1.4727575778961182
2821,,,,,1.08241605758667
2822,,,,,1.0859909057617188
2823,,,,,1.089430332183838
2824,,,,,1.0827996730804443
2825,,,,,1.0881218910217285
2826,,,,,1.0842604637145996
2827,,,,,1.0921590328216553
2828,,,,,1.0878663063049316
2829,,,,,1.0911047458648682
2830,0.0,,,,
2830,,,1.60944,,
2830,,,,,1.475733757019043
2831,,,,,1.081747055053711
2832,,,,,1.0876991748809814
2833,,,,,1.0922472476959229
2834,,,,,1.0903050899505615
2835,,,,,1.094836950302124
2836,,,,,1.0869061946868896
2837,,,,,1.0925788879394531
2838,,,,,1.0896522998809814
2839,,,,,1.089632511138916
2840,0.0,,,,
2840,,,1.60944,,
2840,,,,,1.4722695350646973
2841,,,,,1.0840401649475098
2842,,,,,1.0887815952301025
2843,,,,,1.0918681621551514
2844,,,,,1.0931804180145264
2845,,,,,1.084157943725586
2846,,,,,1.0976252555847168
2847,,,,,1.0890464782714844
2848,,,,,1.087280035018921
2849,,,,,1.0845692157745361
2850,0.0,,,,
2850,,,1.60944,,
2850,,,,,1.4749019145965576
2851,,,,,1.0813195705413818
2852,,,,,1.0916776657104492
2853,,,,,1.0860323905944824
2854,,,,,1.0853734016418457
2855,,,,,1.0910704135894775
2856,,,,,1.0845000743865967
2857,,,,,1.0895357131958008
2858,,,,,1.0874836444854736
2859,,,,,1.0918943881988525
2860,0.0,,,,
2860,,,1.60944,,
2860,,,,,1.4766552448272705
2861,,,,,1.0862329006195068
2862,,,,,1.0953123569488525
2863,,,,,1.0868782997131348
2864,,,,,1.090311050415039
2865,,,,,1.0934255123138428
2866,,,,,1.0869114398956299
2867,,,,,1.090205430984497
2868,,,,,1.0880274772644043
2869,,,,,1.0932068824768066
2870,0.0,,,,
2870,,,1.60944,,
2870,,,,,1.4759008884429932
2871,,,,,1.0829336643218994
2872,,,,,1.0891268253326416
2873,,,,,1.086026906967163
2874,,,,,1.0897719860076904
2875,,,,,1.0837428569793701
2876,,,,,1.086179494857788
2877,,,,,1.0839931964874268
2878,,,,,1.0934858322143555
2879,,,,,1.0946285724639893
2880,0.0,,,,
2880,,,1.60944,,
2880,,,,,1.4702019691467285
2881,,,,,1.0883004665374756
2882,,,,,1.08567476272583
2883,,,,,1.0869040489196777
2884,,,,,1.0881292819976807
2885,,,,,1.0926587581634521
2886,,,,,1.0886378288269043
2887,,,,,1.089989185333252
2888,,,,,1.0891296863555908
2889,,,,,1.0885119438171387
2890,0.0,,,,
2890,,,1.60944,,
2890,,,,,1.4704513549804688
2891,,,,,1.0869677066802979
2892,,,,,1.0870254039764404
2893,,,,,1.0914785861968994
2894,,,,,1.0881364345550537
2895,,,,,1.191589593887329
2896,,,,,1.2184090614318848
2897,,,,,1.2346808910369873
2898,,,,,1.2240650653839111
2899,,,,,1.232532262802124
2900,0.0,,,,
2900,,,1.60944,,
2900,,0.0,,,
2900,,,,1.60944,
2900,,,,,2.031264066696167
2901,,,,,1.7291648387908936
2902,,,,,1.2370686531066895
2903,,,,,1.2564165592193604
2904,,,,,1.1909658908843994
2905,,,,,1.1957459449768066
2906,,,,,1.090095043182373
2907,,,,,1.0917296409606934
2908,,,,,1.0884337425231934
2909,,,,,1.0863163471221924
2910,0.0,,,,
2910,,,1.60944,,
2910,,,,,1.4704103469848633
2911,,,,,1.0878212451934814
2912,,,,,1.0877859592437744
2913,,,,,1.0883805751800537
2914,,,,,1.085216760635376
2915,,,,,1.1026620864868164
2916,,,,,1.1095221042633057
2917,,,,,1.1483473777770996
2918,,,,,1.1434056758880615
2919,,,,,1.132338047027588
2920,0.0,,,,
2920,,,1.60944,,
2920,,,,,1.5158655643463135
2921,,,,,1.173464298248291
2922,,,,,1.1837000846862793
2923,,,,,1.1297764778137207
2924,,,,,1.1304636001586914
2925,,,,,1.1848809719085693
2926,,,,,1.2015190124511719
2927,,,,,1.1550452709197998
2928,,,,,1.1267709732055664
2929,,,,,1.1275885105133057
2930,0.0,,,,
2930,,,1.60944,,
2930,,,,,1.5268030166625977
2931,,,,,1.1453194618225098
2932,,,,,1.1296465396881104
2933,,,,,1.1473023891448975
2934,,,,,1.1804766654968262
2935,,,,,1.1051206588745117
2936,,,,,1.08955717086792
2937,,,,,1.09787917137146
2938,,,,,1.1456513404846191
2939,,,,,1.086669683456421
2940,0.0,,,,
2940,,,1.60944,,
2940,,,,,1.4762718677520752
2941,,,,,1.0850417613983154
2942,,,,,1.0868823528289795
2943,,,,,1.089015007019043
2944,,,,,1.0939745903015137
2945,,,,,1.0896949768066406
2946,,,,,1.1341700553894043
2947,,,,,1.1116702556610107
2948,,,,,1.1147730350494385
2949,,,,,1.1287405490875244
2950,0.0,,,,
2950,,,1.60944,,
2950,,,,,1.5674080848693848
2951,,,,,1.225449800491333
2952,,,,,1.2199344635009766
2953,,,,,1.2284722328186035
2954,,,,,1.24037766456604
